review_id	relation_type	stratum	source	target	sign	evidence_class	mechanism	evidence	expert_verdict	expert_comment	review_status
causal-001	causal	curated_mechanistic	endothelial AKT1 kinase / eNOS-Ser1177 phosphorylation activity [endothelial_akt_signaling]	endothelial nitric oxide (NO) production rate (eNOS/NOS3) [endothelial_no_production]	+	curated_mechanistic	AKT1 (RAC-alpha kinase) is activated by upstream PI3K signalling (e.g. shear stress, insulin, VEGF) and phosphorylates eNOS (NOS3) at Ser1177, displacing the inhibitory calmodulin and activating NO synthesis. Decreased AKT/eNOS signalling reduces eNOS phosphorylation at Ser1177, impairing NO production.	AOP-Wiki KER uuid 47ca4026-7f6f-4c3c-ad98-b72b5aed093d; AOP: 'Peptide Oxidation Leading to Hypertension'. No PMID supplied. Mechanism: AKT phosphorylates NOS3 Ser1177 -> NO production (Dimmeler et al., Nature 1999 PMID 10421379; Fulton et al., Nature 1999 PMID 10421380). Sign '+': AKT activity up -> eNOS activated -> NO production up. *** DRAFT FOR REVIEW (imported) ***	TRUE		accepted
causal-002	causal	curated_mechanistic	right atrial pressure [right_atrial_pressure]	venous return / mean systemic filling pressure [venous_return]	-	curated_mechanistic	rising right-atrial pressure exerts a backward force on the veins (reduces the Psf–PRA pressure gradient), impeding flow of blood from the systemic veins into the right atrium	Guyton & Hall, Medical Physiology, 11th ed. Ch.20 (Cardiac Output, Venous Return, and Their Regulation) §Normal Venous Return Curve: “the backward force of the rising atrial pressure on the veins of the systemic circulation decreases venous return of blood to the heart.”	FALSE?	two effects here so should be seperated? RAP reduces venous return, BUT RAP has no direct effec ton MSFP. .Remove msfp as a target I think.	flagged
causal-003	causal	curated_mechanistic	pulmonary lymphatic drainage flow rate (organ) [pulmonary_lymph_flow]	pleural cavity fluid volume (organ) [pleural_fluid_volume]	-	curated_mechanistic	lymphatic vessels opening from the pleural cavity pump away transuded pleural fluid, keeping the pleural space a thin potential space	Guyton & Hall, Medical Physiology, 11th ed. Ch.38 (Pulmonary Circulation, Pulmonary Edema, Pleural Fluid) §Fluid in the Pleural Cavity: “the excess fluid is pumped away by lymphatic vessels opening directly from the pleural cavity”	TRUE		accepted
causal-004	causal	curated_mechanistic	integrated central + peripheral chemoreceptor drive to breathe [chemoreceptor_drive]	alveolar ventilation (effective gas-exchanging ventilation) [alveolar_ventilation]	+	curated_mechanistic	increased chemoreceptor/ventilatory drive increases ventilation to the alveoli	"""whenever the chemoreceptors sense a rising P 2, there is an increase in ventilatory drive ... The consequent increase in ventilation to the alveoli is usually effective in returning the arterial P 2 to normal."" — West's Respiratory Physiology, 11th ed., ch 5"	TRUE		accepted
causal-005	causal	curated_mechanistic	plasma 17-beta-estradiol concentration [estradiol]	plasma sex hormone-binding globulin concentration [plasma_shbg]	+	curated_mechanistic	Estrogen stimulates hepatic SHBG gene transcription, increasing plasma SHBG concentration	"""The levels of SHBG are controlled by a balance of hormonal influences on its synthesis in the liver. Testosterone and insulin inhibit, and estrogen and thyroid hormone stimulate, SHBG formation."" Williams Textbook of Endocrinology, 14th ed., ch 17, p 617  ||  ""SHBG production by the liver is increased under the influence of estrogens and thyroxine and decreased by androgens and insulin."" Williams Textbook of Endocrinology, 14th ed., ch 19, p 1154  ||  ""The concentration of sex hormone-binding globulin (SHBG), which is suppressed by androgens and enhanced by estrogens, is similar to that found in 46,XX females"" — Williams Textbook of Endocrinology, 14th ed., ch 23, p 912"	TRUE		accepted
causal-006	causal	curated_mechanistic	renal proximal-tubule organic anion transporter 1 (OAT1/SLC22A6) transport activity [renal_oat1_activity]	plasma urate (uric acid) concentration [plasma_urate]	-	curated_mechanistic	OAT1 (SLC22A6) in the proximal tubule S2 segment secretes urate from peritubular blood into tubular lumen for urinary excretion. Inhibition of OAT1 transport activity reduces tubular urate secretion, resulting in net urate retention and elevated plasma uric acid concentration.	AOP-Wiki KER uuid e8563e9f-b080-4bab-a6cc-5ecc9a18216b; AOP: 'Organic anion transporter (OAT1) inhibition leading to renal failure and mortality'. No PMID supplied. Sign '-': OAT1 activity up -> renal urate secretion up -> plasma urate down. Multiple pharmacological studies: probenecid (OAT1/3 inhibitor) causes hyperuricemia; OAT1 knockout mice show hyperuricemia (Eraly et al., JASN 2008). *** DRAFT FOR REVIEW (imported) ***	TRUE	Increased OAT1 activity promotes urate secretion and so tends to lower plasma urate — with the caveat that OAT1 is not a principal determinant of urate levels.	accepted
causal-007	causal	curated_mechanistic	sinoatrial node intrinsic pacemaker firing rate (phase-4 depolarisation / automaticity) [sa_node_automaticity]	heart rate [heart_rate]	+	curated_mechanistic	SA-node phase-4 depolarisation slope (quality) -> pacemaker disposition -> spontaneous action-potential firing (process, GO:0086015 SA node cell action potential; GO:0086046 membrane depolarisation during SA node cell action potential) -> heart rate (quality)	"Curated by G. Gkoutos (2026), heart_rate_physio_with_T3_example — ""SA-node automaticity ↑ → HR ↑""; standard pacemaker physiology (Boron & Boulpaep, the SA node as the dominant pacemaker). Evidence code ECO:0000305 (curator inference used in manual assertion)."	TRUE	Near definitional	accepted
causal-008	causal	curated_mechanistic	plasma aspartate (aspartic acid) concentration [plasma_aspartate]	plasma N-acetylaspartic acid concentration [plasma_n_acetylaspartate]	+	curated_mechanistic	aspartate concentration (substrate availability) -> NAT8L N-acetyltransferase disposition -> N-acetylation process -> plasma N-acetylaspartate concentration	PMID 32545833; (Introduction; Antioxidants (Basel) 2020;9(6):522); “Aspartate N-acetyltransferase (NAT8L) is a neuronal enzyme producing N-acetylaspartate (NAA) from acetyl-CoA and aspartate” | Aspartate is the amino-acid substrate from which NAT8L synthesises N-acetylaspartate, so do(raise aspartate) raises NAA (sign +). [citations PubMed-verified]	TRUE		accepted
causal-009	causal	curated_mechanistic	plasma cortisol concentration [cortisol]	hypothalamic parvocellular neurosecretory cell CRH secretion rate [parvocellular_crh_secretion]	-	curated_mechanistic	cortisol exerts direct negative feedback on the hypothalamus (paraventricular parvocellular neurosecretory cells) to decrease CRF/CRH formation	"""Cortisol has direct negative feedback effects on (1) the hypothalamus to decrease the formation of CRF and (2) the anterior pituitary gland to decrease the formation of ACTH."" Guyton & Hall, Textbook of Medical Physiology, ch 77 (chw35), p. 955-956."	TRUE		accepted
causal-010	causal	curated_mechanistic	plasma insulin concentration [plasma_insulin]	plasma apolipoprotein C-III concentration [plasma_apolipoprotein_c3]	-	curated_mechanistic	Insulin suppresses hepatic APOC3 transcription. Nuclear FOXO1 binds an insulin-response element in the APOC3 promoter to activate transcription; insulin signaling phosphorylates FOXO1 and excludes it from the nucleus, de-repressing (lowering) apoC-III synthesis. Insulin replacement in insulin-deficient states reduces hepatic APOC3 mRNA and normalizes hypertriglyceridemia (a do()-like manipulation). do(raise insulin) -> decreased APOC3 transcription -> decreased plasma apoC-III. Within-scale ORGAN_SYSTEM -> ORGAN_SYSTEM. Note: glucose and insulin act through distinct, opposing transcriptional arms (ChREBP/HNF-4alpha vs FOXO1); each is captured by a separate edge, so the net of a mixed glucose+insulin load is the resolved sum of both edges.	APOC3 hepatic expression is negatively regulated by insulin via FOXO1; FOXO1 binds the APOC3 promoter insulin-response element and insulin phosphorylates/excludes FOXO1 from the nucleus, downregulating apoC-III. Altomonte J et al., 'Foxo1 mediates insulin action on apoC-III and triglyceride metabolism,' J Clin Invest 2004;114(10):1493-1503, PMID 15546000 (verified via PubMed/JCI). Reviewed in Caron et al. ATVB 2011, PMID 21183731.	TRUE		accepted
causal-011	causal	curated_mechanistic	plasma angiotensin II concentration [angiotensin_II]	water intake (drinking / thirst-driven ingestion) [water_intake]	+	curated_mechanistic	circulating angiotensin II acts on subfornical-organ AT1 receptors to induce thirst and drinking (ICV/systemic ANG II is a potent dipsogen; AT1 antagonists block it)	PMC10507174 (OVLT/SFO thirst review): ANG II induces thirst/drinking via the SFO; ICV/systemic ANG II is a potent dipsogen. Bourque 2008; Boron & Boulpaep (AngII-induced thirst); HumMod | textbook corroboration: OpenStax Anatomy & Physiology 2e §anp-114 (20.5: Homeostatic Regulation of the Vascular System): 'Angiotensin II also stimulates the thirst center in the hypothalamus, so an individual will likely consume more fluids, again increasing blood volume and pressure.'; OpenStax Anatomy & Physiology 2e §anp-156 (26.3: Water Balance): 'angiotensin II... helps stimulate thirst'; OpenStax Biology 2e §bio-37.3 (37.3: Regulation of Body Processes): 'Angiotensin II in addition to being a potent vasoconstrictor also causes an increase in ADH and increased thirst, both of which help to raise blood pressure.'	TRUE		accepted
causal-012	causal	genetic_lof_gof	beta-hexosaminidase B (HEXB, beta-subunit) activity [beta_hexosaminidase_b_activity]	tissue GM2 ganglioside content [tissue_gm2_ganglioside]	-	genetic_lof_gof	HEXB encodes the shared beta-subunit of both HexA (αβ) and HexB (ββ). HEXB deficiency eliminates both isozymes; HexA loss causes GM2 ganglioside accumulation (as in Tay-Sachs), with additional globoside (GA2) storage due to HexB loss — Sandhoff disease	Lehninger Principles of Biochemistry Ch. 21 (beta-hexosaminidase isozymes, Sandhoff disease); Sandhoff disease OMIM 268800; Scriver's Online Metabolic Bases 'GM2 Gangliosidoses' (Gravel et al.): HEXB deficiency causes GM2 and GA2 storage; both neuronal and visceral storage | intervention: do(HEXB activity ↓) = Sandhoff disease (OMIM 268800): GM2 ganglioside and globoside accumulate in brain and viscera	TRUE		accepted
causal-013	causal	genetic_lof_gof	dihydropyrimidine dehydrogenase (DPYD) catalytic activity [dihydropyrimidine_dehydrogenase_activity]	plasma 5-hydroxymethyluracil concentration [plasma_5_hydroxymethyluracil]	-	genetic_lof_gof	5-Hydroxymethyluracil (5-HMU) is a minor thymine metabolite formed by hydroxylation; in DPD deficiency, normal thymine catabolism is blocked, and thymine and its minor oxidative metabolite 5-HMU both accumulate in plasma.	DPD deficiency OMIM 274270; van Kuilenburg et al., J Inherit Metab Dis 2001 (DPD deficiency: persistent urinary and plasma excretion of uracil, thymine, and 5-hydroxymethyluracil); Saif et al., Cancer Chemother Pharmacol 2010. | intervention: do(DPYD LoF, DPD deficiency OMIM 274270) — thymine catabolism blocked; 5-HMU accumulates in plasma	FALSE?	Correct target is dihydrouracil/uracil	flagged
causal-014	causal	genetic_lof_gof	cystathionine gamma-lyase (CTH) catalytic activity [cystathionine_gamma_lyase_activity]	endothelial nitric oxide (NO) production rate (eNOS/NOS3) [endothelial_no_production]	+	genetic_lof_gof	Cystathionine gamma-lyase (CTH / cystathionase) is the principal vascular enzyme for endogenous hydrogen sulfide (H2S) production from cystathionine and cysteine. Vascular H2S activates eNOS (NOS3) by (i) S-sulfhydrating eNOS at Cys443, stabilizing its active conformation; (ii) activating the PI3K/Akt pathway that phosphorylates eNOS at Ser1177; and (iii) preventing eNOS S-glutathionylation-induced uncoupling. Multiple genetic and pharmacological studies show that CTH LoF reduces vascular H2S and impairs eNOS-derived NO production. do(CTH LoF) → H2S ↓ → eNOS activation ↓ → endothelial NO production ↓.	Yang G et al., Science 2008 (CTH is the major vascular H2S synthase; CTH−/− mice show reduced NO production and hypertension — PMID 18948540); Coletta C et al., Proc Natl Acad Sci 2012 (H2S activates eNOS via PI3K/Akt-Ser1177 phosphorylation); Citi V et al., Br J Pharmacol 2018 (CTH-derived H2S maintains eNOS coupling); Cystathioninuria OMIM 219500 (CTH LoF); Lehninger Principles of Biochemistry (transsulfuration: cystathionine → CTH → cysteine + alpha-ketobutyrate + H2S/NH3). | intervention: do(CTH loss-of-function) — cystathioninuria OMIM 219500; pharmacological CTH inhibition [citations PubMed-verified]	TRUE		accepted
causal-015	causal	genetic_lof_gof	3-beta-hydroxysteroid-Delta(8),Delta(7)-isomerase (EBP) activity [ebp_activity]	hepatic de novo cholesterol synthesis (HMG-CoA reductase flux) [hepatic_cholesterol_synthesis]	+	genetic_lof_gof	EBP (emopamil-binding protein; 3-beta-hydroxysteroid-Delta(8),Delta(7)-isomerase) catalyses the isomerisation of Delta8-sterols (principally 8(9)-cholestenol) to Delta7-sterols (lathosterol) in the post-lanosterol cholesterol biosynthesis pathway. EBP loss-of-function (X-linked chondrodysplasia punctata type 2 / Conradi-Hunermann-Happle syndrome, OMIM 302960; MEND syndrome in males) causes accumulation of 8(9)-cholestenol and 8-dehydrocholesterol in plasma and severely impairs hepatic cholesterol synthesis downstream of the block.	Braverman N et al. Hum Mol Genet. 1999;8:1773-1780 (EBP mutations cause X-linked CDPX2; 8(9)-cholestenol accumulation and cholesterol synthesis defect); OMIM 302960 (CDPX2, EBP LoF); PMC11700059 (novel EBP variant, MEND syndrome; impaired cholesterol biosynthesis). Intervention: EBP loss-of-function (CDPX2, OMIM 302960): do(EBP activity down) -> hepatic cholesterol synthesis impaired. | intervention: EBP loss-of-function (X-linked chondrodysplasia punctata type 2, OMIM 302960)	FALSE?	FALSE as written. Separate out HMG coA reductase flux. More EBP activity means more cholesterol produced, and cholesterol suppresses HMGCR flux so this is a feedback loop.	flagged
causal-016	causal	genetic_lof_gof	aspartoacylase (ASPA) catalytic activity [aspartoacylase_activity]	CSF N-acetylaspartic acid concentration [csf_n_acetylaspartate]	-	genetic_lof_gof	Aspartoacylase (ASPA) hydrolyses N-acetylaspartate (NAA) to aspartate + acetate in oligodendrocytes; higher ASPA activity consumes NAA. LoF (Canavan disease) abolishes NAA catabolism, causing massive NAA accumulation in brain and CSF.	Matalon et al. (1988) Am J Med Genet 29:463–471 (Canavan disease: ASPA LoF, elevated NAA); OMIM 271900 (Canavan disease, aspartoacylase deficiency); Blau et al., Physician's Guide to Inherited Metabolic Diseases (NAA as ASPA substrate); Lehninger Principles of Biochemistry (NAA hydrolysis by aspartoacylase). | intervention: genetic LoF of ASPA (Canavan disease, OMIM 271900)	TRUE		accepted
causal-017	causal	genetic_lof_gof	CD40 ligand (CD40L/CD154) signaling activity on activated T helper cells [cd40l_signaling_activity]	plasma IgM concentration [plasma_igm]	-	genetic_lof_gof	CD40L-driven class-switch recombination diverts B cells away from IgM production towards IgG/IgA/IgE; CD40L deficiency (HIGM1) prevents switching so B cells remain IgM-secreting, causing elevated serum IgM.	HIGM1 (OMIM 308230): normal or elevated serum IgM; Janeway's Immunobiology 10th ed. | intervention: do(CD40LG LoF) — no class-switch; B cells remain IgM-secreting; serum IgM elevated in HIGM1 [citations PubMed-verified]	TRUE		accepted
causal-018	causal	genetic_lof_gof	cholesterol 7-alpha-hydroxylase (CYP7A1) activity [cyp7a1_activity]	plasma (and bile) bile-acid concentration [plasma_bile_acids]	+	genetic_lof_gof	CYP7A1 (cholesterol 7-alpha-hydroxylase) is the rate-limiting enzyme of the classical (neutral) bile-acid synthesis pathway, converting cholesterol to 7-alpha-hydroxycholesterol. CYP7A1 controls the primary route of hepatic cholesterol catabolism; its activity determines the size of the bile-acid pool and therefore plasma bile-acid concentration. CYP7A1 deficiency (bile acid synthesis defect congenital type 1, OMIM 603540) reduces the bile-acid pool, decreases fecal and plasma bile acids, and raises plasma LDL-cholesterol due to impaired hepatic LDL-receptor upregulation.	Schwarz M et al. J Clin Invest. 1998;102:1690-1697 (CYP7A1 deficiency in humans: reduced bile acids, raised LDL-C); OMIM 603540 (bile acid synthesis defect 1, CYP7A1); Lehninger Principles of Biochemistry, Ch.26 (CYP7A1 rate-limiting for bile acid synthesis). Intervention: CYP7A1 loss-of-function (bile acid synthesis defect type 1, OMIM 603540): do(CYP7A1 activity down) -> plasma bile acids reduced. | intervention: CYP7A1 loss-of-function (bile acid synthesis defect congenital type 1, OMIM 603540)	TRUE	But note there is feedback here.	accepted
causal-019	causal	genetic_lof_gof	aromatic L-amino acid decarboxylase (DDC/AADC) activity [aadc_activity]	plasma catecholamine concentration [plasma_catecholamines]	+	genetic_lof_gof	AADC is the obligate rate-limiting enzyme for synthesis of all three major catecholamines (dopamine, norepinephrine, epinephrine) by decarboxylating L-DOPA to dopamine (the common precursor); higher AADC activity raises the total plasma catecholamine pool; AADC deficiency profoundly reduces all plasma catecholamines	Swoboda KJ et al., Ann Neurol 2003 (AADC deficiency: profoundly reduced plasma catecholamines — dopamine, norepinephrine, epinephrine all markedly low); Harrison's Principles of Internal Medicine (AADC/DDC deficiency, OMIM 608643: absent catecholamine synthesis); Lehninger Principles of Biochemistry (catecholamine biosynthesis: all catecholamines derive from dopamine produced by AADC) | intervention: AADC deficiency (DDC gene LoF, OMIM 608643): do(aadc_activity=low) -> plasma_catecholamines falls to near zero	TRUE		accepted
causal-020	causal	genetic_lof_gof	skeletal-muscle coenzyme Q10 (ubiquinone) concentration [muscle_coenzyme_q10]	mitochondrial respiratory chain complex III (ubiquinol:cytochrome c oxidoreductase) activity [mitochondrial_complex_iii_activity]	+	genetic_lof_gof	Coenzyme Q10 (ubiquinone) is the obligate electron shuttle between Complex I/II and Complex III in the mitochondrial respiratory chain; COQ2 deficiency → reduced CoQ10 biosynthesis → reduced muscle CoQ10 → insufficient substrate for Complex III ubiquinol:cytochrome c oxidoreductase reaction → decreased Complex III activity and impaired oxidative phosphorylation	COQ2 mutations cause primary CoQ10 deficiency; CoQ10-deficient patients show decreased quinone-dependent Complex II+III and G3P+III activities (PMC:PMC4705639; Acosta et al., Biol Res 2016). CoQ10 deficiency → decreased electron transport → reduced mitochondrial respiratory chain activity (PMC:PMC4112527). Oral CoQ10 supplementation restores Complex III activity in COQ2 patients. | intervention: do(COQ2 loss-of-function): impaired 4-hydroxybenzoate polyprenylation → reduced CoQ10 biosynthesis → decreased muscle CoQ10 → reduced Complex III substrate availability → decreased Complex III activity	FALSE?	if target is electron flux then this is true but if target is enzymic activity of Complex III then its not true.	flagged
causal-021	causal	genetic_lof_gof	TMPRSS6 (matriptase-2) hemojuvelin-cleavage activity (hepatocyte) [tmprss6_cleavage_activity]	hemojuvelin (HJV/HFE2) BMP co-receptor activity (hepatocyte surface) [hjv_coreceptor_activity]	-	genetic_lof_gof	TMPRSS6/matriptase-2 proteolytically sheds membrane hemojuvelin, lowering HJV co-receptor density (quality: TMPRSS6 activity -> disposition: HJV cleavage -> process: loss of surface HJV -> quality: reduced HJV co-receptor activity)	INTERVENTIONAL (genetic LoF). TMPRSS6 loss-of-function -> iron-refractory iron-deficiency anemia (IRIDA) with inappropriately HIGH hepcidin (cannot shed HJV; BMP-SMAD constitutively high) [Finberg et al. 2008, PMID 18408718]; Tmprss6 KO mouse shows high BMP-SMAD/hepcidin [Du et al. 2008, PMID 18451267]. DRAFT for domain review. [citations PubMed-verified]	TRUE		accepted
causal-022	causal	genetic_lof_gof	succinyl-CoA:3-oxoacid-CoA transferase (SCOT / OXCT1) activity [scot_activity]	urinary acetoacetic acid level [urinary_acetoacetate]	-	genetic_lof_gof	SCOT (OXCT1) activates acetoacetate to acetoacetyl-CoA for peripheral ketone-body utilisation; deficiency blocks ketolysis, so acetoacetate accumulates — reduced SCOT activity raises ketone-body markers	Scriver's OMMBID / Saudubray — SCOT (succinyl-CoA:3-oxoacid CoA transferase, OXCT1) deficiency (OMIM 245050): persistent ketosis / ketoaciduria	TRUE	strictly acetoacetate	accepted
causal-023	causal	genetic_lof_gof	stearoyl-CoA desaturase (SCD/SCD1) activity [scd_activity]	hepatic de novo lipogenesis rate (acetyl-CoA to fatty acids/triglycerides) [hepatic_lipogenesis]	+	genetic_lof_gof	Stearoyl-CoA desaturase (SCD/SCD1) introduces the cis-delta-9 double bond in saturated fatty acyl-CoAs to produce monounsaturated fatty acids (principally oleoyl-CoA from stearoyl-CoA and palmitoleoyl-CoA from palmitoyl-CoA). MUFAs are the obligate substrates for triacylglycerol, phospholipid, and cholesteryl ester synthesis; SCD1 activity is therefore a rate-controlling step for de novo hepatic lipogenesis. SCD1 deficiency in mice reduces liver TG, VLDL secretion, and de novo lipogenesis; conversely, SCD1 upregulation (e.g. high-carbohydrate diet, insulin, SREBP-1c) drives hepatic steatosis.	Ntambi JM et al. PNAS. 2002;99:11482-11487 (SCD1 knockout mice: reduced adiposity and hepatic lipogenesis); Miyazaki M et al. J Biol Chem. 2001;276:39455-39461 (SCD1 LoF: reduced hepatic lipogenesis and VLDL TG); PMC12173144 (SCD1 deficiency reduces liver lipogenesis). Intervention: SCD loss-of-function: do(SCD activity down) -> hepatic de novo lipogenesis reduced. | intervention: SCD1 loss-of-function (mouse model; human SCD1 deficiency leads to dyslipidaemia and reduced MUFA synthesis)	TRUE		accepted
causal-024	causal	genetic_lof_gof	aromatase (CYP19A1) catalytic activity [aromatase_activity]	plasma estrone concentration [plasma_estrone]	+	genetic_lof_gof	aromatase (CYP19A1) aromatizes androstenedione to estrone (and testosterone to estradiol); higher enzyme activity raises the estrogen product pool	Williams Textbook of Endocrinology (aromatase CYP19A1 converts androstenedione->estrone, testosterone->estradiol); aromatase-excess syndrome (gain of CYP19A1) raises circulating estrogens	TRUE		accepted
causal-025	causal	genetic_lof_gof	7-dehydrocholesterol reductase (DHCR7) activity [dhcr7_activity]	plasma cholestane-triol (C-triol) concentration [plasma_cholestane_triol]	-	genetic_lof_gof	DHCR7 (7-dehydrocholesterol reductase) reduces 7-dehydrocholesterol (7-DHC) to cholesterol; when DHCR7 is deficient, 7-DHC accumulates and auto-oxidizes non-enzymatically to cholestane-3beta,5alpha,6beta-triol (C-triol). More DHCR7 activity keeps 7-DHC low and thereby reduces C-triol formation.	SLOS (Smith-Lemli-Opitz syndrome) OMIM 270400 (DHCR7 LoF); C-triol is the canonical plasma biomarker of DHCR7 deficiency; Kelley & Hennekam, J Med Genet 2000; Tint et al., 1994 NEJM (7-DHC elevation in SLOS); Irons et al., Lancet 1993. | intervention: DHCR7 loss-of-function (Smith-Lemli-Opitz syndrome): DHCR7 LoF -> 7-DHC accumulation -> non-enzymatic auto-oxidation to plasma cholestane-3b,5a,6b-triol elevation	FALSE	The edge is indirect (mediated by 7-DHC accumulation and non-enzymatic oxidation), and it's not the dominant determinant of plasma C-triol. Canonical DHCR7 readouts remain 7-DHC, 8-DHC and the 7-DHC/cholesterol ratio. 7 ketocholesterol is raised in SLOS. Considerable disagreement and inter lab variability. Err on side of caution.	rejected
causal-026	causal	genetic_lof_gof	extraglomerular mesangial cell contractile activation [eg_mesangial_contraction]	juxtaglomerular granular cell renin secretion rate [jg_granular_renin_secretion]	-	genetic_lof_gof	"Cx40 (GJA5) gap-junction coupling of extraglomerular mesangial cells to JG granular cells transmits the contractile/Ca2+ signal; rising Ca2+ in renin cells is inhibitory (""calcium paradox"" of renin secretion), reducing renin exocytosis (GO:0002001 renin secretion into blood)"	Wagner et al. Circ Res 2007;100:556-563 (Cx40 couples mesangial & renin cells; required for pressure control of renin); calcium paradox of renin secretion, Boron & Boulpaep Medical Physiology.	FALSE	The source is actually the calcium signal not the contraction although they correlate. Contractile activation is kind of OK but drop the mesangial contraction.	rejected
causal-027	causal	genetic_lof_gof	fumarate hydratase (fumarase) activity [fumarate_hydratase_activity]	urinary fumarate level [urinary_fumarate]	-	genetic_lof_gof	FH deficiency causes fumarate accumulation and urinary fumaric aciduria — reduced FH activity leaves fumarate unconsumed, raising urinary fumarate	Fumarase deficiency / fumaric aciduria (FH; OMIM 606812): elevated urinary fumarate, succinate, and citrate are the hallmark findings (PMID 10805328; MedlinePlus Genetics: fumarase deficiency); Scriver's OMMBID (fumaric aciduria) | intervention: do(FH / fumarate hydratase deficiency) [citations PubMed-verified]	TRUE		accepted
causal-028	causal	genetic_lof_gof	mitochondrial acetoacetyl-CoA thiolase / beta-ketothiolase (ACAT1) activity [beta_ketothiolase_activity]	urinary 2-methylacetoacetic acid level [urinary_2_methylacetoacetic_acid]	-	genetic_lof_gof	ACAT1 cleaves 2-methylacetoacetyl-CoA; ACAT1 deficiency causes 2-methylacetoacetyl-CoA to accumulate and be hydrolysed to 2-methylacetoacetic acid (2-methylacetoacetate), a hallmark urinary organic acid of beta-ketothiolase deficiency — reduced ACAT1 activity raises urinary 2-methylacetoacetate	Beta-ketothiolase deficiency (ACAT1, OMIM 203750); Saudubray, Inborn Metabolic Diseases; Fukao et al., Orphanet (beta-KT deficiency): 2-methylacetoacetate is a diagnostic marker in urine organic acid GC-MS | intervention: genetic LoF of ACAT1 gene (biallelic mutation; autosomal recessive beta-ketothiolase deficiency)	TRUE		accepted
causal-029	causal	genetic_lof_gof	ABCA1 (phospholipid-transporting ATPase ABCA1) activity [abca1_activity]	plasma apolipoprotein A-II concentration [plasma_apolipoprotein_a2]	+	genetic_lof_gof	ABCA1 stabilizes apoA-I on nascent HDL; apoA-II co-localizes on mature HDL alongside apoA-I; ABCA1 deficiency (Tangier disease) reduces HDL particle formation and thus the apoA-II-containing HDL pool. ApoA-II plasma levels are markedly reduced in Tangier disease, though less severely than apoA-I.	OMIM 205400 (Tangier disease; reduced apoA-II in severe HDL deficiency); Harrison's Principles of Internal Medicine, Disorders of Lipoprotein Metabolism; Bodzioch M et al. Nat Genet 1999 | intervention: ABCA1 loss-of-function (Tangier disease, OMIM 205400): do(ABCA1 activity down) -> plasma apoA-II reduced	TRUE		accepted
causal-030	causal	mechanistic_model	systemic capillary filtration rate [capillary_filtration_rate]	interstitial fluid volume [interstitial_fluid_volume]	+	mechanistic_model	Greater capillary filtration delivers more fluid to the interstitial compartment, expanding its volume	OpenStax Anatomy & Physiology 2e §anp-117 (21.2: Anatomy of the Lymphatic and Immune Systems): 'Blood pressure causes leakage of fluid from the capillaries, resulting in the accumulation of fluid in the interstitial space'; '20 liters of plasma is released into the interstitial space of the tissues each day due to capillary filtration'	TRUE		accepted
causal-031	causal	mechanistic_model	systemic arterial compliance (distensibility) [arterial_compliance]	arterial pulse pressure [pulse_pressure]	-	mechanistic_model	A compliant artery absorbs the stroke volume ejected per beat, dampening the systolic pressure rise; reduced compliance causes the same stroke volume to produce a larger systolic spike and thus wider pulse pressure	OpenStax Anatomy & Physiology 2e §anp-112 (20.3: Blood Flow, Blood Pressure, and Resistance): 'A persistently high pulse pressure at or above 100 mm Hg may indicate excessive resistance in the arteries'; arterial stiffening reduces the ability to buffer systolic pressure surges.	TRUE		accepted
causal-032	causal	mechanistic_model	hepatic glucose production (glycogenolysis + gluconeogenesis) [hepatic_glucose_production]	plasma glucose concentration [plasma_glucose]	+	mechanistic_model	hepatic glucose output adds glucose to plasma pool	Bergman minimal model glucose mass balance (EGP appearance term)	TRUE	note this is a differential process - ie a balance, so two processes conflated.	accepted
causal-033	causal	mechanistic_model	plasma glucose concentration [plasma_glucose]	plasma insulin concentration [plasma_insulin]	+	mechanistic_model	glucose-stimulated insulin secretion (beta-cell)	Bergman minimal model (1979/1981); Topp 2000 beta-cell model; HumMod pancreas; textbook | textbook corroboration: OpenStax Anatomy & Physiology 2e §anp-005 (1.6: Homeostasis): 'pancreatic beta cells respond to the increased level of blood glucose by releasing the hormone insulin'; OpenStax Anatomy & Physiology 2e §anp-090 (17.3: Hormones): 'High blood glucose levels cause the release of insulin from the pancreas'; OpenStax Anatomy & Physiology 2e §anp-097 (17.10: The Endocrine Pancreas): elevated blood glucose levels stimulate beta-cell insulin release (glucose-stimulated insulin secretion); OpenStax Anatomy & Physiology 2e §anp-142 (24.6: Metabolic States of the Body): 'The ingestion of food and the rise of glucose concentrations in the bloodstream stimulate pancreatic beta cells to release insulin into the bloodstream.'; OpenStax Anatomy & Physiology 2e §anp-144 (24.8: Nutrition and Diet) — 'As blood glucose levels rise, the pancreas releases insulin to stimulate the uptake of glucose'; OpenStax Biology 2e §bio-33.3 (Homeostasis): 'When an animal has eaten, blood glucose levels rise...the hormone insulin is released by the endocrine system.'; OpenStax Biology 2e §bio-37.1 (37.1: Types of Hormones): 'They are then released in response to stimuli such as high blood glucose levels in the case of insulin'; diagnostic context confirms pancreas stimulated by high glucose produces insulin to decrease blood glucose levels.; OpenStax Biology 2e §bio-37.4 (37.4: Regulation of Hormone Production): rise in blood glucose triggers pancreatic release of insulin (humoral stimulus example); OpenStax Biology 2e §bio-37.5 (37.5: Endocrine Glands): 'When blood glucose levels rise, such as after a meal, beta cells release insulin to lower blood glucose levels.'	TRUE		accepted
causal-034	causal	mechanistic_model	cytosolic free Ca2+ transient amplitude (systolic) [cytosolic_calcium_transient]	SERCA2a SR Ca2+ uptake rate [serca_uptake_rate]	+	mechanistic_model	elevated cytosolic Ca2+ raises the SERCA2a turnover (quality: cytosolic [Ca2+] -> disposition: SERCA2a Ca2+ affinity on the cytosolic face -> process: ATP-driven Ca2+ pumping into the SR -> quality: SR Ca2+ uptake rate)	Bers (2001) Excitation-Contraction Coupling: SERCA2a uptake is steeply Ca2+ dependent and removes the bulk of cytosolic Ca2+ during relaxation; BioModels MODEL7914464799 (Shannon2004, PubMed 15347581). | textbook corroboration: Jakubowski & Flatt, Fundamentals of Biochemistry Vol I §biochem-11.5.3 (Membrane ATPases): elevated cytoplasmic Ca2+ activates SERCA-mediated Ca2+ pumping back into the SR after muscle excitation.; Wong, Cells: Molecules and Mechanisms §wong-12.9 (Cell Motility - Undeclared): 'as cytoplasmic Ca2+ levels rise, the phospholamban releases from the Ca2+ pump and allows it to function.'; Wong, Cells: Molecules and Mechanisms §wong-4.4 (The Action Potential in Neurons): 'The increased [Ca2+]cytoplasm is taken up by the sarcoplasmic reticulum' and Ca2+-calmodulin relieves inhibition of the Ca2+ pump, increasing Ca2+ removal when [Ca2+] rises. [citations PubMed-verified]	TRUE		accepted
causal-035	causal	perturbation	plasma melatonin concentration [plasma_melatonin]	plasma cortisol concentration [cortisol]	-	perturbation	Melatonin inhibits the hypothalamic-pituitary-adrenal (HPA) axis at multiple levels: it suppresses CRH release from parvocellular neurons and inhibits pituitary ACTH secretion, reducing adrenal cortisol output. The inverse relationship between melatonin (night peak) and cortisol (morning peak) reflects this reciprocal circadian entrainment. Exogenous melatonin administration acutely suppresses cortisol.	OpenStax Anatomy & Physiology 2e §anp-091 (16.2: Central Control): pineal melatonin regulates circadian rhythm of cortisol — 'the pineal gland secretes melatonin'; melatonin and cortisol have reciprocal circadian rhythms. Intervention: do(plasma_melatonin ↑) → cortisol ↓; do(pinealectomy / melatonin receptor blockade) → plasma_melatonin ↓ → cortisol disinhibited. [citations PubMed-verified]	FALSE?	Not causative. Melatonin and cortisol are in near-perfect antiphase: melatonin rises in darkness and peaks overnight, cortisol troughs around midnight and peaks shortly after waking. So they're strongly inversely correlated. But both are driven by the same upstream pacemaker — the suprachiasmatic nucleus — which controls melatonin via the pineal (through the sympathetic superior cervical ganglion pathway) and cortisol via the HPA axis and direct autonomic input to the adrenal. So the SCN is a common parent of both nodes, and the correlation is largely explained by that shared drive, not by melatonin acting on cortisol. perturbation is not physiological.	flagged
causal-036	causal	perturbation	osteoblast/stromal RANKL secretion (TNFSF11) [osteoblast_rankl]	osteoclast bone-resorption activity [osteoclast_activity]	+	perturbation	RANKL (TNFSF11) binds RANK (TNFRSF11A) on osteoclast precursors -> TRAF6/NFATc1 -> osteoclast differentiation & activation (GO:0045672 positive regulation of osteoclast differentiation)	Lacey 1998 Cell PMID:9568710; Boyce & Xing 2008 PMID:18395508; OmniPath/CellPhoneDB TNFSF11-TNFRSF11A (stimulation); BioModels Lemaire2004 BIOMD0000000278 [citations PubMed-verified]	TRUE		accepted
causal-037	causal	perturbation	plasma ghrelin concentration [ghrelin]	AgRP/NPY orexigenic neuron tone [agrp_npy_tone]	+	perturbation	ghrelin acts on GHSR of arcuate NPY/AgRP neurons (quality: plasma ghrelin → disposition: GHSR signalling → process: activation of NPY/AgRP neurons → quality: orexigenic AgRP/NPY neuron tone); GHSR re-expression restricted to NPY/AgRP neurons restores orexigenic effect	"""re-expression of the ghrelin receptor only in NPY/AGRP neurons in ghrelin receptor-null mice suffices to restore the orexigenic effect of exogenous ghrelin."" — Williams Textbook of Endocrinology, 14th ed., ch 39 (Neuroendocrine Control of Energy Stores; ghrelin / arcuate NPY-AgRP)"	TRUE		accepted
causal-038	causal	perturbation	plasma (circulating) histamine concentration [plasma_histamine]	urinary N-methylhistamine concentration [urinary_n_methylhistamine]	+	perturbation	Histamine is methylated intracellularly by histamine N-methyltransferase (HNMT) to N-methylhistamine, which is then excreted in urine. Elevated plasma histamine (mastocytosis/MCAS) drives increased HNMT-mediated methylation, raising urinary N-methylhistamine (~70–80% of histamine degradation proceeds via this route).	Harrison's Principles of Internal Medicine, 'Mastocytosis' (urinary N-methylhistamine elevated in systemic mastocytosis). Mayo Clinic Laboratories NMH1D overview; Lamkin Clinic urinary N-methylhistamine review. | intervention: do(elevated mast-cell histamine release) — systemic mastocytosis increases plasma histamine, driving N-methylhistamine formation and excretion	TRUE		accepted
causal-039	causal	perturbation	dietary alpha-linolenic acid (18:3 n-3) intake [dietary_linolenic_acid_intake]	plasma eicosapentaenoic acid (EPA, 20:5 n-3) concentration [plasma_epa]	+	perturbation	dietary ALA (18:3 n-3) is elongated/desaturated to EPA (20:5 n-3); raising ALA intake raises plasma/tissue EPA	PMID 7910999; (Abstract, Results); “EPA concentrations increased by 2.5-fold in the plasma lipid fractions and neutrophil phospholipids.” | do(increase dietary alpha-linolenic acid) increases plasma EPA (+); flaxseed/ALA-rich diet raised plasma EPA 2.5-fold [citations PubMed-verified]	TRUE	very low effect however, few %, so not very important.	accepted
causal-040	causal	pharmacological	plasma insulin concentration [plasma_insulin]	adipose lipolysis rate (triacylglycerol -> free fatty acids + glycerol) [lipolysis_rate]	-	pharmacological	insulin dephosphorylates/inactivates hormone-sensitive lipase, suppressing adipose lipolysis	Lehninger 7th ed. ch.23 (insulin inhibits lipolysis); Boron & Boulpaep 3rd ed. ch.51 — strongest antilipolytic signal | textbook corroboration: OpenStax Anatomy & Physiology 2e §anp-142 (24.6: Metabolic States of the Body): 'Glycogen and triglyceride storage slows' as insulin drops in postabsorptive state.	TRUE		accepted
causal-041	causal	pharmacological	thyroid peroxidase / NIS iodide-organification capacity [tpo_nis_organification_capacity]	thyroid follicular cell thyroxine (T4) secretion rate [thyroid_follicular_t4_secretion]	+	pharmacological	thyroid peroxidase and sodium-iodide-symporter capacity enable iodide uptake, organification, and thyroid-hormone synthesis, increasing follicular T4 secretion	Methimazole and propylthiouracil inhibit thyroid peroxidase and lower T4; TSHR loss/gain-of-function changes the upstream cAMP/PKA drive to the same synthesis pathway. Primary-citation verification remains flagged in this draft fragment.	FALSE?	Source fuses two sequential and separable steps — NIS-mediated trapping and TPO-mediated organification. They're required in series, so the combined node is defensible, but they have distinct genetic defects and distinct inhibitors, and the perchlorate discharge test exists precisely to distinguish a trapping defect from an organification defect.	flagged
causal-042	causal	pharmacological	plasma glucose concentration [plasma_glucose]	serum 1,5-anhydroglucitol concentration [plasma_anhydroglucitol]	-	pharmacological	1,5-anhydroglucitol (1,5-AG) is reabsorbed at the renal tubule via SGLT4, competing with glucose. Hyperglycemia causes glycosuria; urinary glucose competitively inhibits 1,5-AG tubular reabsorption (SGLT4), reducing plasma 1,5-AG. When glycaemia normalises and glycosuria resolves, 1,5-AG rises. This pharmacological/physiological mechanism is the basis of 1,5-AG as a short-term glycaemic marker.	Kilpatrick et al. 1999 Diabetic Medicine (PMID 10391398) 'Plasma 1,5-anhydroglucitol concentrations are influenced by variations in the renal threshold for glucose'; Sechterberger et al. 2012 Diabetes Care (PMC3263896) 'Serum 1,5-anhydroglucitol concentrations are a reliable index of glycaemic control'; Boron & Boulpaep Medical Physiology (renal tubular competitive reabsorption); 1,5-AG mass balance model ScienceDirect 2008 (SGLT4 competitive inhibition mechanism) | intervention: do(hyperglycemia -> glycosuria) -> plasma 1,5-AG DOWN; do(glucose normalisation) -> plasma 1,5-AG UP (reversibility confirmed in clinical studies) [citations PubMed-verified]	TRUE		accepted
causal-043	causal	pharmacological	xanthine oxidoreductase (XDH/XO) catalytic activity [xanthine_oxidase_activity]	urinary 8-oxo-7,8-dihydroguanosine concentration [urinary_8_oxoguanosine]	+	pharmacological	increased XO catalytic activity -> superoxide/H2O2 generation (ROS disposition) -> oxidative guanine base modification process -> raised oxidized-guanosine concentration; XO inhibition lowers oxidized-guanine marker (note: cited marker is 8-OHdG/DNA, catalog node is the closely-related 8-oxoguanosine/RNA marker)	PMID 36968831; (Abstract / Results); “Vehicle-treated mice subjected to renal I/R had a markedly increased density of 8-OHdG near the outer stripe of the outer medulla, but oxypurinol treatment decreased the density of 8-OHdG after renal I/R injury.” | Inhibiting xanthine oxidase (oxypurinol, a do() on XO activity) decreases oxidized-guanine damage, so XO activity (+)-> oxidized guanosine marker. [citations PubMed-verified]	True	problematic. Indirect but the target depnds on whether it's the marker of rna or dna oxiation. 8-oxo-7,8-dihydroguanosine (the ribonucleoside, as you've written it) is the marker of RNA oxidation, whereas 8-oxo-7,8-dihydro-2′-deoxyguanosine (8-oxo-dG) is the DNA oxidation marker. They're distinct analytes with different biology — urinary 8-oxoGuo reflects RNA turnover/oxidation and has been studied as a mortality predictor in diabetes.not clear if the traget was intended to be one or the other.	accepted
causal-044	causal	pharmacological	hypothalamic corticotropin-releasing hormone concentration [crh]	plasma androstenedione concentration [plasma_androstenedione]	+	pharmacological	CRH stimulates adrenal zona reticularis androstenedione secretion	the intravenous infusion of human CRH into dexamethasone-suppressed young men increased DHEA, DHEAS, and androstenedione secretion within 3 hours. Williams Textbook of Endocrinology, 14th ed., ch 26	TRUE	positive but indirect	accepted
causal-045	causal	pharmacological	xanthine oxidoreductase (XDH/XO) catalytic activity [xanthine_oxidase_activity]	hepatic net urate (uric acid) production rate [hepatic_urate_production]	+	pharmacological	xanthine oxidoreductase (XDH/XO) catalyses hypoxanthine -> xanthine -> uric acid, the final and rate-limiting steps of purine catabolism; greater XO activity raises hepatic urate production (basis of allopurinol/febuxostat urate-lowering therapy)	Lehninger Principles of Biochemistry (xanthine oxidase, purine degradation); Boron & Boulpaep Medical Physiology; Harrison's (allopurinol xanthine-oxidase inhibition lowers urate)	TRUE		accepted
causal-046	causal	unclassified	glycine cleavage system (GCS) catalytic activity [glycine_cleavage_enzyme_activity]	urinary glycine excretion [urinary_glycine]	-	unclassified	elevated plasma glycine raises the filtered load and urinary glycine excretion	OMMBID nonketotic hyperglycinemia — glycinuria secondary to hyperglycinemia	TRUE		accepted
causal-047	causal	unclassified	arterial blood pH [arterial_ph]	net cellular (transcellular) potassium uptake rate [cellular_potassium_uptake]	+	unclassified	alkalosis (high pH) drives H+ out of and K+ into cells via H+/K+ exchange and stimulated Na/K-ATPase; acidosis (low pH) reverses this	Boron & Boulpaep; Guyton & Hall: acid-base status shifts K+ across the cell membrane (acidosis raises, alkalosis lowers plasma K+)	TRUE	Was this in previous set?	accepted
causal-048	causal	unclassified	plasma (ionised) calcium concentration [plasma_calcium]	urinary calcium excretion rate [urinary_calcium]	+	unclassified	urinary calcium excretion = filtered load (plasma [Ca] x GFR) minus tubular reabsorption; raising plasma calcium raises the filtered load and thus calcium excretion (e.g. hypercalcemia -> hypercalciuria)	Boron & Boulpaep Medical Physiology (renal handling of calcium; filtered load); Rose & Post, Clinical Physiology of Acid-Base and Electrolyte Disorders (hypercalcemia -> hypercalciuria)	TRUE		accepted
causal-049	causal	unclassified	gastric emptying rate (gastric -> duodenal nutrient delivery) [gastric_emptying_rate]	plasma glucose-dependent insulinotropic polypeptide (GIP) [gip]	+	unclassified	faster gastric emptying delivers more nutrient to proximal small-intestinal K cells, raising GIP secretion	Nauck & Meier 2021 Diabetes Obes Metab (oral nutrient -> K-cell GIP); E-DES BioModels MODEL2403070001 (gut nutrient appearance)	TRUE	Repeat? Node label better specified this time.	accepted
causal-050	causal	unclassified	whole-body basal/resting metabolic rate (O2 consumption) [metabolic_rate]	metabolic heat production (thermogenesis) [metabolic_heat_production]	+	unclassified	increased oxidative metabolism dissipates energy as heat (obligatory thermogenesis)	thermoregulation: metabolic rate is the source term for metabolic heat production | textbook corroboration: OpenStax Anatomy & Physiology 2e §anp-143 (24.7: Energy and Heat Balance): 10% of daily energy expenditure is for body thermoregulation/temperature control; metabolic rate links to heat generation	TRUE	repeat of earler set and remains an identity so not clear if this really is source and target.	accepted
production-051	production	legacy-evidence-unclassified	renal proximal-tubule-cell calcitriol (1-alpha-hydroxylase) production rate [proximal_tubule_calcitriol_production]	plasma calcitriol (1,25-dihydroxyvitamin D3) concentration [calcitriol]	+	legacy-evidence-unclassified			TRUE	NO evidence	accepted
production-052	production	legacy-evidence-unclassified	hepcidin (HAMP) gene transcription rate (hepatocyte) [hepcidin_transcription]	plasma hepcidin (HAMP) [hepcidin]	+	legacy-evidence-unclassified			TRUE	also renal clearance can be important in size of effect. No evidence.	accepted
production-053	production	legacy-evidence-unclassified	intestinal type-S enteroendocrine cell secretin secretion rate [s_cell_secretin_secretion]	plasma secretin concentration [plasma_secretin]	+	legacy-evidence-unclassified			TRUE	But trivial in that increased scretion will with all else being equal increase the concentration. Not clea if this should be false as so trivial.  No evidence.	accepted
production-054	production	curated_source_statement	hepatic gluconeogenesis rate (lactate/glycerol/amino acids -> glucose-6-phosphate) [hepatic_gluconeogenesis]	plasma glucose concentration [plasma_glucose]	+	curated_source_statement	de novo hepatic gluconeogenesis produces glucose (G6Pase dephosphorylates glucose-6-phosphate to free glucose) that is exported into the bloodstream	StatPearls NBK541119 (Physiology, Gluconeogenesis): gluconeogenesis maintains blood glucose; G6Pase-generated glucose enters the blood freely. Lehninger 7th ed. ch.15 (gluconeogenesis); Boron & Boulpaep 3rd ed. ch.51.	TRUE	True but indirect, should involve G6Pase	accepted
production-055	production	legacy-evidence-unclassified	anterior-pituitary thyrotroph TSH secretion rate [thyrotroph_tsh_secretion]	anterior-pituitary thyrotropin (TSH) secretory output (rate) [pituitary_tsh_secretion]	+	legacy-evidence-unclassified			FALSE?	Tautology. No evidence.	flagged
production-056	production	legacy-evidence-unclassified	glutamate dehydrogenase (GLUD1/GLUD2) catalytic activity [glutamate_dehydrogenase_activity]	plasma glutamate (glutamic acid) concentration [plasma_glutamate]	+	legacy-evidence-unclassified			FALSE?	Sgn is the wrong way round for normal conditions.GDH catalyses a reversible reaction: glutamate + NAD(P)⁺ + H₂O ⇌ α-ketoglutarate + NH₄⁺ + NAD(P)H. In vivo the flux runs predominantly in the oxidative deamination direction — glutamate to α-ketoglutarate plus ammonia. The reverse direction — reductive amination, α-ketoglutarate + ammonia → glutamate — does occur, notably in ammonia detoxification in brain and under high ammonia/high NADPH conditions. So a positive edge iwould be defensible only if the node is specified for that context, which would need stating explicitly. No evidence	flagged
production-057	production	legacy-evidence-unclassified	corpus-luteum luteal-cell progesterone secretion rate [luteal_progesterone_secretion]	plasma progesterone concentration [progesterone]	+	legacy-evidence-unclassified			TRUE	No evidence	accepted
production-058	production	legacy-evidence-unclassified	adrenal zona glomerulosa cell aldosterone secretion rate [zona_glomerulosa_cell_aldosterone_secretion]	plasma aldosterone concentration [aldosterone]	+	legacy-evidence-unclassified			TRUE	Trivial	accepted
production-059	production	legacy-evidence-unclassified	gastric G-cell gastrin secretion rate [g_cell_gastrin_secretion]	plasma gastrin concentration [gastrin]	+	legacy-evidence-unclassified			TRUE	Trivial	accepted
production-060	production	legacy-evidence-unclassified	hepatocyte fibrinogen acute-phase synthesis/secretion rate [hepatocyte_fibrinogen_secretion]	plasma fibrinogen concentration [plasma_fibrinogen]	+	legacy-evidence-unclassified			TRUE	Trivial	accepted
constitution-061	constitution	aggregation	total circulating red cell mass [red_cell_mass]	blood volume [blood_volume]	+	aggregation			TRUE		accepted
constitution-062	constitution	aggregation	adipose (fat) tissue mass [adipose_tissue_mass]	total body weight [body_weight]	+	aggregation			TRUE		accepted
constitution-063	constitution	aggregation	plasma volume [plasma_volume]	blood volume [blood_volume]	+	aggregation			TRUE		accepted
constitution-064	constitution	aggregation	lean body mass (fat-free mass) [lean_body_mass]	total body weight [body_weight]	+	aggregation			TRUE		accepted
quantitative-065	quantitative	ratio	red_cell_mass (numerator, +), blood_volume (denominator, -)	hematocrit (packed red cell volume fraction) [hematocrit]		ratio	hematocrit = red-cell volume / total blood volume	Guyton & Hall, Textbook of Medical Physiology (hematocrit definition)	FALSE?	"Identity rather than a causal relationship. Note Blood volume = red cell volume + plasma volume, so red cell mass is itself a component of the denominator. Taking the partial derivative with respect to red cell mass ""holding blood volume constant"" isn't physically coherent, since increasing red cell mass necessarily increases blood volume.\n\nThe correct  formulation is Hct = RCV / (RCV + PV), with the two independent arguments being red cell volume (+) and plasma volume (−). Written that way both partials are well defined and the positive sign  holds exactly."	flagged
quantitative-066	quantitative	product	cardiac_output (factor, +), arterial_o2_content (factor, +)	systemic oxygen delivery (DO2 = CO x CaO2) [oxygen_delivery]		product	systemic oxygen delivery = cardiac output × arterial oxygen content	West Respiratory Physiology; BioModels BIOMD0000000248 (Lai2007 convective oxygen transport)	TRUE		accepted
quantitative-067	quantitative	aggregation	adipose_tissue_mass (summand, +), lean_body_mass (summand, +)	total body weight [body_weight]		aggregation			TRUE		accepted
quantitative-068	quantitative	product	heart_rate (factor, +), stroke_volume (factor, +)	cardiac output [cardiac_output]		product	cardiac output = heart rate × stroke volume	Guyton & Hall and Boron & Boulpaep (cardiac output identity); OpenStax Anatomy & Physiology 2e §19.5: CO = HR × SV	TRUE		accepted
quantitative-069	quantitative	structural-function	arterial_pco2 (argument, -), plasma_bicarbonate (argument, +)	arterial blood pH [arterial_ph]		structural-function	Henderson–Hasselbalch: pH = pKa + log10([HCO3−] / (0.03 × PaCO2))	Henderson–Hasselbalch equation; Grodins 1967; West, Boron & Boulpaep, and OpenStax acid-base physiology	TRUE	"Improvement over earlier statement ""arterial pH reduces plasma bicarbonate"""	accepted
quantitative-070	quantitative	structural-function	hemoglobin_o2_saturation (argument, +), hematocrit (argument, +), arterial_po2 (argument, +)	arterial oxygen content (CaO2, mL O2 per dL blood) [arterial_o2_content]		structural-function	CaO2 = (Hb × 1.34 × SaO2) + (0.003 × PaO2), with hematocrit as the model's proxy for Hb concentration	West Respiratory Physiology and Boron & Boulpaep (arterial oxygen-content equation)	TRUE	Could be imprved as hematocrit is a proxy for Hb. Problems with mechanism evidence as PaO2 and SaO2 are not independent. SaO2 is effectively a separate upstream edge.	accepted
quantitative-071	quantitative	aggregation	red_cell_mass (summand, +), plasma_volume (summand, +)	blood volume [blood_volume]		aggregation			TRUE	basically true but misses very small contrib from non RBC. Important in lymphoprolferative disorders for example.	accepted
quantitative-072	quantitative	product	cardiac_output (factor, +), total_peripheral_resistance (factor, +)	mean arterial pressure [mean_arterial_pressure]		product	mean arterial pressure = cardiac output × total peripheral resistance	Guyton circulation.cellml arterial_pressure_and_pressure_gradient; Guyton & Hall systemic pressure-flow-resistance identity	TRUE		accepted
quantitative-073	quantitative	structural-function	inspired_po2 (argument, +), alveolar_pco2 (argument, -)	alveolar partial pressure of oxygen (PAO2) [alveolar_po2]		structural-function	Alveolar gas equation (steady state): PAO2 = PIO2 - PACO2/R (+ small correction F). For fixed inspired PO2 and respiratory exchange ratio R: d(PAO2)/d(PIO2) = +1 and d(PAO2)/d(PACO2) = -1/R < 0.	"""A simplified form of the alveolar gas equation is [PAO2 = PIO2 - PACO2/R] where F is a small correction factor ... which we can ignore."" (West's Respiratory Physiology, 11th ed., ch 5, Hypoventilation)"	TRUE		accepted
modulation-074	modulation	pharmacological	free plasma triiodothyronine (free T3) [free_t3]	edge plasma epinephrine (adrenal medullary) concentration [epinephrine] -> adipose lipolysis rate (triacylglycerol -> free fatty acids + glycerol) [lipolysis_rate]	+	pharmacological	T3 amplifies the catecholamine-stimulated lipolytic gain in adipocytes: it up-regulates beta2/beta3-adrenoceptor while down-regulating alpha2A-adrenoceptor, Gi-alpha2 and PDE3B, and (post-receptor) alters Ca2+/phosphodiesterase coupling, so a given epinephrine drive yields a larger cAMP -> PKA -> hormone-sensitive-lipase lipolytic response. This multiplies the gain of the existing positive epinephrine -> lipolysis_rate edge; d(gain)/d(T3) > 0 and the gain stays positive (blunted, not reversed, in hypothyroidism, so it cannot cross zero).	Base edge epinephrine -> lipolysis_rate (+) exists in all_edges.json; modulator free_t3 exists in all_nodes.json (note: free_t3 also has a direct additive + edge to lipolysis_rate, consistent with the modulation's positive additive shadow). INTERVENTIONAL interaction evidence: (i) Wahrenberg H, Wennlund A, Arner P. 'Adrenergic regulation of lipolysis in fat cells from hyperthyroid and hypothyroid patients.' J Clin Endocrinol Metab 1994;78(4):898-903. PMID:8157718 (VERIFIED) -- the catecholamine (noradrenaline) lipolytic SLOPE moves monotonically with thyroid state: beta-adrenergic responsiveness +2-fold (sensitivity +10-fold) in hyperthyroid, -50% in hypothyroid vs euthyroid -- a three-state interventional interaction. (ii) Goswami A, Rosenberg IN. 'Thyroid hormone modulation of epinephrine-induced lipolysis in rat adipocytes: a possible role of calcium.' Endocrinology 1978;103(6):2223-33. PMID:218806 (VERIFIED; proposer's volume '102' is a typo, PMID/title correct) -- hypothyroid rat adipocytes were nearly unresponsive to epinephrine (0.1-10 uM) with UNCHANGED beta-receptor number/affinity, and T3 injection RESTORED the epinephrine lipolytic slope: a do(T3) that recovers the source->target responsiveness independent of receptor count.	TRUE		accepted
modulation-075	modulation	curated_mechanistic	erythrocyte 2,3-bisphosphoglycerate concentration [erythrocyte_23_bpg]	edge arterial partial pressure of oxygen (PaO2) [arterial_po2] -> arterial hemoglobin oxygen saturation (SaO2) [hemoglobin_o2_saturation]	-	curated_mechanistic	2,3-bisphosphoglycerate binds the central cavity of deoxy (T-state) hemoglobin and stabilizes the low-affinity conformation; raising erythrocyte 2,3-BPG right-shifts the dissociation curve and increases P50. At a fixed sub-saturating PaO2 the local slope d(SaO2)/d(PaO2) falls, a true rescaling of the PaO2->SaO2 responsiveness. Cross-partial d2(SaO2)/d(PaO2)d(2,3-BPG) < 0.	Reconstituted/stripped-hemoglobin O2-equilibrium titrations show that adding 2,3-BPG shifts the entire O2-saturation-vs-PO2 curve rightward (raises P50) in a dose-dependent manner: the modulator is set at multiple levels and the whole SaO2-vs-PO2 relationship (its slope at fixed PO2) moves, a mechanistic-cross-term / slope-changing manipulation, not a single operating-point association (Benesch & Benesch, classic 2,3-DPG O2-affinity studies). Textbook anchor: Boron & Boulpaep, Medical Physiology (2,3-BPG and the ODC right-shift). Base edge arterial_po2->hemoglobin_o2_saturation (+) exists; additive shadow edge erythrocyte_23_bpg->hemoglobin_o2_saturation (-) present and sign-consistent. (Node erythrocyte_23_bpg, ORGAN_SYSTEM scale, is the one carrying the shadow edge to the target; the CELLULAR duplicate erythrocyte_2_3_bpg is correctly not used.)	False?	"The physiology is unambiguous: 2,3-BPG binds preferentially to deoxyhaemoglobin, stabilising the T state, lowering oxygen affinity and right-shifting the dissociation curve (raising p50). So at any given PaO₂ in the physiological range, saturation is lower. That's a level effect, and as a first-order negative edge 2,3-BPG —(−)→ SaO₂, it's correct.\n\nThe problem is that a right shift doesn't uniformly reduce the local slope, and at normal arterial PaO₂ it does the opposite. At PaO₂ ≈ 100 mmHg the normal curve is on its flat plateau, so ∂SaO₂/∂PaO₂ is near zero. Right-shifting moves you onto a less flat part of the sigmoid, so saturation falls but the local slope actually increases. The cross-partial at arterial PaO₂ is therefore positive, not negative — the opposite of the sign you've assigned.\n\nSo the two readings diverge. As ""2,3-BPG reduces the saturation achieved at a given PaO₂,"" it's true and negative. As a strict slope modulation of the PaO₂ → SaO₂ edge at arterial PaO₂, the sign is positive. Since your figure's key commits to the cross-derivative definition, the statement as written is probably mis-specified.Needs looking at again to captur ethis is a different way.represent this through p50 rather than as a gain edge: 2,3-BPG —(+)→ p50, and p50 —(−)→ SaO₂ at given PaO₂. That captures affinity as its own node, makes the position-dependence on the sigmoid explicit, and lets other affinity modulators (pH via the Bohr effect, temperature, CO₂, HbF) attach to the same node rather than each needing separate second-order edges."	flagged
modulation-076	modulation	perturbation	free plasma triiodothyronine (free T3) [free_t3]	edge baroreflex sympathetic outflow [sympathetic_tone] -> myocardial contractility (intrinsic inotropic state / end-systolic elastance) [myocardial_contractility]	+	perturbation	T3 (TRalpha-mediated) raises cardiomyocyte beta-adrenergic responsiveness by increasing the Gs/Gi ratio (down-regulating inhibitory Galpha-i3/Galpha-o) and beta1/beta2-adrenoceptor density, so a given increment of sympathetic/catecholamine drive yields a larger cAMP -> PKA -> phospholamban/SERCA + L-type-Ca/troponin inotropic response. This multiplies (scales) the gain of the existing positive sympathetic_tone -> myocardial_contractility edge rather than adding a fixed offset; d(gain)/d(T3) > 0 and the gain stays positive (cannot cross zero) at a normal operating point.	Base edge sympathetic_tone -> myocardial_contractility (+) exists in all_edges.json; modulator free_t3 exists in all_nodes.json. INTERVENTIONAL interaction evidence: Carvalho-Bianco SD, Kim BW, Zhang JX, et al. 'Chronic cardiac-specific thyrotoxicosis increases myocardial beta-adrenergic responsiveness.' Mol Endocrinol 2004;18(7):1840-9. PMID:15131256 (VERIFIED via PubMed, title/authors/journal/year/pages confirmed). Cardiac-specific transgenic type-2 deiodinase (D2) overexpression is a localized genetic do() that raises intracardiac T3; isolated D2-TG ventricular myocytes showed increased cAMP accumulation in response to norepinephrine and forskolin vs controls via reduced inhibitory G-protein (Galpha-i3/Galpha-o) -- a two-state interventional change in the SLOPE of the cardiac response to beta-adrenergic stimulation, not a baseline shift. Textbook anchor: Boron & Boulpaep, Medical Physiology (thyroid potentiation of catecholamine cardiac action; beta-AR/Gs up-regulation in thyrotoxic myocardium). [NB: first-order additive shadow (free_t3 -> myocardial_contractility) is not currently in the causal graph, so only the second-order gain query is represented; sound (adds no node-level prediction).]	TRUE		accepted
modulation-077	modulation	curated_mechanistic	arterial blood pH [arterial_ph]	edge arterial partial pressure of oxygen (PaO2) [arterial_po2] -> arterial hemoglobin oxygen saturation (SaO2) [hemoglobin_o2_saturation]	+	curated_mechanistic	Bohr effect (proton arm): raising pH (lowering H+) increases hemoglobin O2 affinity and left-shifts the dissociation curve (P50 falls). The left-shift moves the steep sigmoid region to lower PaO2, so at a fixed sub-saturating PaO2 the local slope d(SaO2)/d(PaO2) increases. Cross-partial d2(SaO2)/d(PaO2)d(pH) > 0. pH and PaCO2 are distinct map nodes; this is the separately-evidenced proton arm of the Bohr effect.	Direct ODC measurements: an acute ~0.1-unit pH change moves P50 by ~3 mmHg (Severinghaus standard relation), i.e. the SaO2-vs-PO2 slope at fixed PaO2 shifts with pH (left-shift on alkalinization). The H+/CO2 dependence of the measured curve is documented in Woyke/Reinke et al., Front. Med. 2021, doi:10.3389/fmed.2021.808025 (DOI confirmed via web). Textbook anchor: Boron & Boulpaep, Medical Physiology, Bohr effect. Base edge arterial_po2->hemoglobin_o2_saturation (+) exists; additive shadow edge arterial_ph->hemoglobin_o2_saturation (+) present and sign-consistent.	FALSE?	The biology is correct as a level effect: this is the Bohr effect, where higher pH increases haemoglobin's oxygen affinity and left-shifts the dissociation curve, so saturation at a given PaO₂ is higher. As a first-order edge pH —(+)→ SaO₂, true.\n\nBut under the strict cross-partial definition, the sign flips at arterial PaO₂. A left shift at PaO₂ ≈ 100 mmHg pushes you further onto the plateau, making the curve flatter — so ∂²SaO₂/∂PaO₂∂pH is negative there, not positive. \nAs with above, this  encodes affinity shifts as slope modulations, but affinity shifts principally translate the curve rather than changing its gain, and the resulting slope change is position-dependent and often opposite in sign to the level change.\n\n Introduce p50 as an explicit node with all the affinity modulators attaching to it — pH —(−)→ p50 (Bohr), 2,3-BPG —(+)→ p50, temperature —(+)→ p50, PCO₂ —(+)→ p50, HbF —(−)→ p50 — and a single p50 —(−)→ SaO₂ (at given PaO₂) edge downstream. More parsimonious than a second-order edge per modulator, gets the signs right, and makes the curve-position dependence representable in one place.	flagged
modulation-078	modulation	perturbation	plasma cortisol concentration [cortisol]	edge plasma glucagon concentration [plasma_glucagon] -> hepatic glucose production (glycogenolysis + gluconeogenesis) [hepatic_glucose_production]	+	perturbation	Glucocorticoid permissiveness on hepatic gluconeogenesis: cortisol -> hepatocyte GR (NR3C1) transcriptional disposition -> induction of gluconeogenic enzyme machinery (PEPCK/G6Pase), maintenance of glucagon-cAMP-PKA-CREB coupling, and supply of gluconeogenic precursors -> a given plasma glucagon level produces a larger hepatic glucose output. Scales the gain of the glucagon -> hepatic_glucose_production edge.	Base edge plasma_glucagon -> hepatic_glucose_production (+) confirmed present in all_edges.json; cortisol, plasma_glucagon, hepatic_glucose_production all present in all_nodes.json. INTERVENTIONAL perturbation two-factor do(): Chan, 'The permissive effects of glucocorticoid on hepatic gluconeogenesis...', J Biol Chem 1984;259 (PMID 6234302, verified via PubMed) - in hepatocytes/perfused livers from fasted rats, ADRENALECTOMY produced 'a reduction in both sensitivity and responsiveness to the hormone [glucagon] in gluconeogenesis' (the glucagon dose-response slope fell: 1 nM glucagon failed to stimulate glucose output from lactate in adrenalectomized livers but 10 nM did), and glucocorticoid replacement restored it - an explicit slope/gain change with the modulator. Corroborated by Exton et al., J Biol Chem 1972;247(11):3579-88 (PMID 4337859, verified).	TRUE	Note that cortisol also has a substantial first-order effect on hepatic glucose production, which you checked earlier as true — directly inducing gluconeogenic enzymes and supplying substrate through muscle proteolysis and adipose lipolysis. So both a main-effect edge and this modulation edge should coexist, with the direct effect carrying significantly more  weight.	accepted
modulation-079	modulation	pharmacological	plasma angiotensin II concentration [angiotensin_II]	edge arterial (carotid sinus + aortic arch) baroreceptor afferent firing rate [baroreceptor_firing_rate] -> baroreflex sympathetic outflow [sympathetic_tone]	+	pharmacological	Angiotensin II acts centrally (area postrema / rostral medulla, AT1-receptor mediated) to attenuate the maximum range and gain of the arterial baroreflex control of renal sympathetic nerve activity (RSNA): a given fall in baroreceptor afferent firing produces a smaller reflex disinhibition of sympathetic outflow. This scales the SLOPE (gain) of the existing inhibitory baroreceptor_firing_rate -> sympathetic_tone edge rather than adding to sympathetic_tone directly. Because the base coefficient is negative, blunting |gain| toward zero is a positive d(gain)/d(AngII). Route-dependent reversal (some central/intracerebroventricular protocols increase rather than blunt max gain) means the gain can in principle cross zero, so can_flip_sign is true.	Two-factor interventional infusion (verified). Sanderford & Bishop, 'Angiotensin II acutely attenuates range of arterial baroreflex control of renal sympathetic nerve activity', Am J Physiol Heart Circ Physiol 279(4):H1804, 2000 (PMID 11009467, verified): a 5-min IV do(AngII) infusion (10 and 20 ng/kg/min) in conscious rabbits, with the full baroreflex MAP->RSNA curve constructed, dose-dependently reduced the maximum RSNA observed at low MAP (i.e. reduced the range/slope of baroreceptor-firing -> sympathetic outflow), with a greater effect via the vertebral circulation implicating a CNS site of action -- a genuine do(AngII) change in baroreflex GAIN, not just baseline. Corroborated by central-mechanism follow-up, AJP-Heart 2002 (PMID 11959620, verified). Base causal edge baroreceptor_firing_rate -> sympathetic_tone (sign '-') exists in all_edges.json; modulator angiotensin_II exists in all_nodes.json. Textbook anchor: Guyton & Hall, baroreceptor reflex resetting by the renin-angiotensin system. [NB: first-order additive shadow (angiotensin_II -> sympathetic_tone) is not currently in the causal graph, so only the second-order gain query is represented; sound (adds no node-level prediction).]	TRUE		accepted
modulation-080	modulation	pharmacological	plasma adiponectin concentration [plasma_adiponectin]	edge plasma insulin concentration [plasma_insulin] -> insulin-mediated peripheral (muscle/adipose) glucose uptake [peripheral_glucose_uptake]	+	pharmacological	Adiponectin -> AdipoR1/AdipoR2 -> APPL1 -> AMPK activation + endothelial NO-mediated muscle microvascular recruitment -> for a GIVEN plasma_insulin input, increased insulin delivery to myocytes and amplified insulin-stimulated PI3K/Akt signalling and GLUT4 translocation -> greater insulin-mediated peripheral glucose uptake. Adiponectin SCALES the gain of the plasma_insulin -> peripheral_glucose_uptake edge (an insulin SENSITISER), distinct from any small insulin-independent basal effect.	Two-factor PHARMACOLOGICAL interaction (do(adiponectin) x do(insulin) clamp): globular adiponectin infused BEFORE a hyperinsulinaemic-euglycaemic clamp recruited significantly MORE muscle microvasculature than insulin alone, increased insulin-mediated whole-body glucose disposal, and amplified insulin-stimulated muscle Akt phosphorylation - i.e. adiponectin increases the slope of insulin on glucose uptake (Zhao, Chai, Fu, Aylor, Barrett et al., 'Globular Adiponectin Enhances Muscle Insulin Action via Microvascular Recruitment and Increased Insulin Delivery', Circ Res 2013;112:1263-1271, doi:10.1161/CIRCRESAHA.111.300388, PMID 23459195; URL https://www.ahajournals.org/doi/10.1161/CIRCRESAHA.111.300388 - VERIFIED). Corroborated by gAd restoring microvascular insulin responses via AMPK (Zhao et al., J Physiol 2015, doi:10.1113/JP270371).	TRUE		accepted
modulation-081	modulation	pharmacological	plasma cortisol concentration [cortisol]	edge plasma / sympathetic-synaptic norepinephrine concentration [norepinephrine] -> total peripheral resistance [total_peripheral_resistance]	+	pharmacological	Glucocorticoid permissiveness on vascular smooth muscle: cortisol -> GR (NR3C1) transcriptional disposition -> enhanced agonist-mediated pharmacomechanical coupling (up-regulated alpha1-adrenoceptor / Gq density, RhoA-Rho-kinase Ca2+-sensitization, suppression of the endothelial NO and PGI2 vasodilator brake) -> a given norepinephrine concentration produces a larger rise in vascular smooth-muscle contractile tone and hence total peripheral resistance. This scales the gain k of the additive NE -> TPR edge (target = ... + k(cortisol)*NE) rather than adding an independent push.	Base edge norepinephrine -> total_peripheral_resistance (+) confirmed present in all_edges.json; modulator cortisol and both endpoints present in all_nodes.json. INTERVENTIONAL two-factor do(): Pirpiris et al., Hypertension 1992;19(6):567-574 (PMID 1592452, verified via PubMed/AHA) - in 12 normal men, 7 days dexamethasone 3 mg/d (vs the mineralocorticoid fludrocortisone comparator, isolating the GR effect) raised mean arterial pressure (82->91 mmHg, p<0.001), cold-pressor responsiveness (8.6->17.1 R units, p<0.05), and the FOREARM VASCULAR RESPONSE slope to intra-arterial norepinephrine (F=33.0, p<0.01) - the slope of the NE pressor/vasoconstrictor response increased with glucocorticoid, a genuine gain change. Mechanism corroborated in textbook permissive vascular physiology (Boron & Boulpaep, Medical Physiology; Guyton & Hall).	TRUE	This modulation edge should carry most weight and direct cortisol ->TPR edge should be small.	accepted
modulation-082	modulation	mechanistic_model	free plasma triiodothyronine (free T3) [free_t3]	edge baroreflex sympathetic outflow [sympathetic_tone] -> whole-body basal/resting metabolic rate (O2 consumption) [metabolic_rate]	+	mechanistic_model	Facultative (adaptive) thermogenesis is driven by sympathetic/noradrenergic stimulation of brown/beige adipocytes, and T3 multiplies that gain: TRalpha-mediated T3 signaling synergizes with the adrenergic cAMP pathway on the UCP1 promoter (TREs confer T3 transactivation AND potentiate the cAMP response) and T3 stabilizes UCP1 mRNA, so the sympathetic -> uncoupled-respiration / metabolic-rate response is steeper when T3 is present. This scales the gain of the existing positive sympathetic_tone -> metabolic_rate edge (its thermogenic component); d(gain)/d(T3) > 0 and the gain stays positive.	Base edge sympathetic_tone -> metabolic_rate (+) exists in all_edges.json; modulator free_t3 exists in all_nodes.json (free_t3 also has a direct additive + edge to metabolic_rate, consistent with the positive shadow). MECHANISTIC CROSS-TERM evidence: Hernandez A, Obregon MJ. 'Triiodothyronine amplifies the adrenergic stimulation of uncoupling protein expression in rat brown adipocytes.' Am J Physiol Endocrinol Metab 2000;278(5):E769-77. PMID:10780931 (VERIFIED via PubMed, title/journal/year/pages confirmed). In primary brown adipocytes the sensitivity of UCP1 mRNA to norepinephrine is potentiated by the presence of T3, and the UCP1 promoter responds ~4-fold to cAMP alone, ~4-fold to T3 alone, but ~12-fold to both combined -- a supra-additive (multiplicative) cross-term between the adrenergic (cAMP) and T3 inputs, i.e. a genuine change in the slope of the adrenergic effect with T3. Genetic corroboration: TRalpha-isoform-specific thyroid-hormone/sympathetic interaction is required for adaptive thermogenesis (Ribeiro MO et al., J Clin Invest 2001; PMID:11435461).	FALSE?	Re-specify the target as adaptive/facultative thermogenesis (or BAT thermogenesis specifically), where both the base edge and the modulation are substantial and well evidenced. Modulating basal metabolic rate as defined is close to modulating a null edge, and the first-order T3 → metabolic rate edge should carry that physiology instead.	flagged
modulation-083	modulation	genetic_lof_gof	renal alpha-klotho co-receptor functionality (FGF23-permissive) [klotho_activity]	edge plasma fibroblast growth factor 23 (FGF23) concentration [fgf23] -> renal proximal-tubule phosphate reabsorption rate (NaPi-IIa/IIc) [renal_phosphate_reabsorption]	-	genetic_lof_gof	higher alpha-klotho functionality makes the inhibitory FGF23 coefficient more negative by enabling the FGFR-klotho signal that removes renal NaPi-IIa/IIc transporters	Nakatani et al., FASEB J 2009, PMID 18835926, DOI 10.1096/fj.08-114397: recombinant FGF23 lowered serum phosphate in wild-type and Fgf23-null mice but had no phosphate-lowering effect in klotho-null or Fgf23/klotho double-null mice, directly establishing a Klotho-by-FGF23 interaction.	TRUE	The base edge is a negative , so more klotho gives a stronger FGF effect and therefore downregulates NaPi-Iia/Iic.this is kinf of counterintuitive as the effect of Klotho is to increase the inhibitory effect of FGF. Need to consider the direction of modulation when the edge is negative. However we have used this same convention for ID079 so for now accept as true.	accepted
