work_item_id	source_file	yaml_edge_index	source	target	sign	review_status	current_evidence_status	context	self_regulation	mechanism_excerpt	evidence_excerpt
legacy-evidence-2c337c6a1f0e78fcfb3b	benchmarks/human/systems/adrenal_cortisol.yaml	0	crh	pituitary_acth_secretion	+	proposal-pending	legacy-evidence-unclassified		False	CRH stimulates corticotrope ACTH (POMC) release from anterior pituitary	HumMod endocrine (CRH -> ACTH); Boron & Boulpaep HPA axis | textbook corroboration: OpenStax Anatomy & Physiology 2e §anp-091 (17.4: The Pituitary Gland and Hypothalamus): 'The release of ACTH is regulated by the corticotropin-releasing hor
legacy-evidence-4bf97a6344cdb0b37e73	benchmarks/human/systems/adrenal_cortisol.yaml	3	cortisol	crh	-	proposal-pending	legacy-evidence-unclassified		False	cortisol suppresses hypothalamic CRH secretion (long-loop feedback)	Boron & Boulpaep HPA axis — glucocorticoid feedback at hypothalamus | textbook corroboration: OpenStax Anatomy & Physiology 2e §anp-090 (17.3: Hormones): 'when glucocorticoid levels become elevated by causing negative signals to the pituita
legacy-evidence-69b4cfd2d3b1270f095f	benchmarks/human/systems/adrenal_cortisol.yaml	4	pituitary_acth_secretion	acth	+	proposal-pending	legacy-evidence-unclassified		False	anterior-pituitary corticotroph ACTH secretory output sets the circulating ACTH concentration (mass balance: plasma [ACTH] = secretion − clearance)	HumMod endocrine / Boron & Boulpaep HPA axis model plasma ACTH as the corticotroph secretory output into the circulation. Curated by Paul N. Schofield. *** DRAFT FOR REVIEW ***
legacy-evidence-630ff00d4bcff82b6c67	benchmarks/human/systems/adrenal_cortisol.yaml	8	cortisol	total_peripheral_resistance	+	proposal-pending	legacy-evidence-unclassified		False	permissive action — sensitises arteriolar smooth muscle to catecholamines/AngII	Boron & Boulpaep — glucocorticoid permissive vascular tone
legacy-evidence-b2e99ae78279add664de	benchmarks/human/systems/adrenal_cortisol.yaml	9	cortisol	sodium_water_reabsorption	+	proposal-pending	legacy-evidence-unclassified		False	at high levels cortisol exerts mineralocorticoid (renal MR) activity, raising Na/water retention	Boron & Boulpaep — high cortisol overwhelms 11b-HSD2, MR activation; clinical Cushing's
legacy-evidence-550a82796397feb64746	benchmarks/human/systems/aminoacid_metabolism.yaml	3	plasma_homocysteine	plasma_methionine	+	proposal-pending	legacy-evidence-unclassified		False	accumulated homocysteine is salvaged by remethylation (methionine synthase / betaine-homocysteine methyltransferase) back to methionine; higher homocysteine drives higher methionine remethylation flux, so plasma methionine rises (the charac	Lehninger Principles of Biochemistry Ch. 22 (homocysteine remethylation to methionine via the methionine cycle); classic homocystinuria OMIM 236200 (hypermethioninemia); Boron & Boulpaep Medical Physiology
legacy-evidence-87393336e118d1258e0c	benchmarks/human/systems/aminoacid_metabolism.yaml	6	hepatic_urea_synthesis	plasma_ammonia	-	proposal-pending	legacy-evidence-unclassified		False	urea synthesis is the principal route of ammonia disposal; higher hepatic ureagenesis lowers the circulating ammonia load, so reduced urea synthesis raises plasma ammonia (hyperammonemia of urea-cycle disorders).	Lehninger Principles of Biochemistry Ch. 18 (ureagenesis as ammonia detoxification); Boron & Boulpaep Medical Physiology (hepatic ammonia clearance); OTC deficiency OMIM 311250 | textbook corroboration: OpenStax Anatomy & Physiology 2e §anp
legacy-evidence-142b5cef760301940459	benchmarks/human/systems/aminoacid_metabolism.yaml	7	plasma_ammonia	plasma_glutamine	+	proposal-pending	legacy-evidence-unclassified		False	excess ammonia is buffered by glutamine synthetase amidation of glutamate to glutamine (the major non-toxic ammonia carrier); rising ammonia raises plasma glutamine (elevated glutamine is an early marker of hyperammonemia).	Boron & Boulpaep Medical Physiology (glutamine as the principal circulating ammonia carrier); Lehninger Principles of Biochemistry Ch. 18 (glutamine synthetase ammonia fixation); urea-cycle disorders OMIM 311250
legacy-evidence-d689d94fd4d1e3d628cb	benchmarks/human/systems/aminoacid_metabolism.yaml	8	plasma_ammonia	hepatic_urea_synthesis	+	proposal-pending	legacy-evidence-unclassified		False	ammonia (as carbamoyl phosphate via CPS1) is the entry substrate of the urea cycle; higher ammonia load drives higher ureagenesis when urea-cycle capacity is intact (substrate-driven flux). This closes a negative-feedback loop with hepatic_	Lehninger Principles of Biochemistry Ch. 18 (ammonia/carbamoyl phosphate is the first urea-cycle substrate; flux responds to nitrogen load); Boron & Boulpaep Medical Physiology | textbook corroboration: OpenStax Anatomy & Physiology 2e §anp
legacy-evidence-3211d64237be3b76d5be	benchmarks/human/systems/bilirubin_liver_function.yaml	1	hepatic_bilirubin_uptake	hepatic_bilirubin_conjugation	+	proposal-pending	legacy-evidence-unclassified		False	uptake delivers unconjugated bilirubin into the hepatocyte, supplying substrate for UGT1A1; higher uptake raises the achievable conjugation flux (substrate supply)	Boron & Boulpaep Medical Physiology (sequential hepatic bilirubin handling: uptake -> conjugation -> excretion); Lehninger Principles of Biochemistry (heme catabolism / bilirubin glucuronidation)
legacy-evidence-e8046a5474bb21275555	benchmarks/human/systems/bilirubin_liver_function.yaml	6	hepatic_conjugated_bilirubin_excretion	plasma_bile_acids	?	proposal-pending	legacy-evidence-unclassified		False	ambiguous: MRP2/ABCC2 export of bilirubin glucuronides is not the principal bile-acid pump (BSEP/ABCB11 handles bile acids), but cholestatic loss of canalicular secretory function broadly reduces biliary clearance and can raise plasma bile 	Boron & Boulpaep Medical Physiology (distinct canalicular transporters: MRP2 for organic anions/conjugated bilirubin vs BSEP for bile acids); flagged '?' per PhysioMap policy (do not fabricate a determinate sign)
legacy-evidence-8997a2d9d22c408e2297	benchmarks/human/systems/bilirubin_liver_function.yaml	7	hepatic_albumin_synthesis	plasma_albumin	+	proposal-pending	legacy-evidence-unclassified		False	albumin is synthesized almost exclusively by hepatocytes and secreted into plasma; synthesis rate sets the steady-state plasma albumin concentration (reduced hepatic synthetic function in liver failure -> hypoalbuminemia)	Boron & Boulpaep Medical Physiology (hepatic protein synthesis; albumin); Harrison's Principles of Internal Medicine (hypoalbuminemia in chronic liver failure / cirrhosis as a marker of synthetic dysfunction) | textbook corroboration: OpenS
legacy-evidence-6636628d4a0585fd1846	benchmarks/human/systems/bilirubin_liver_function.yaml	8	plasma_albumin	plasma_unconjugated_bilirubin	+	proposal-pending	legacy-evidence-unclassified		False	unconjugated bilirubin is water-insoluble and circulates tightly bound to albumin; higher plasma albumin increases the bound-bilirubin carrying capacity, raising measured total plasma unconjugated bilirubin (and conversely lowering free bil	Boron & Boulpaep Medical Physiology (albumin binding of unconjugated bilirubin); Lehninger Principles of Biochemistry (albumin transport of bilirubin); clinical correlate: low albumin / displacers raise free bilirubin (kernicterus risk)
legacy-evidence-343a8ab6f0f476e2e880	benchmarks/human/systems/body_fluids_osmolality.yaml	0	plasma_sodium_concentration	plasma_osmolality	+	proposal-pending	legacy-evidence-unclassified		False	sodium (with accompanying anions) is the principal extracellular osmole	Boron & Boulpaep; Guyton & Hall; osmolality ~= 2*[Na+] + glucose/18 + BUN/2.8
legacy-evidence-cd66dd583bf845f073a3	benchmarks/human/systems/body_fluids_osmolality.yaml	5	water_intake	plasma_osmolality	-	proposal-pending	legacy-evidence-unclassified		False	ingested free water dilutes body fluids, lowering osmolality	Boron & Boulpaep; Guyton & Hall — closes osmoregulatory negative feedback
legacy-evidence-c674dd56bd273b86bfb6	benchmarks/human/systems/body_fluids_osmolality.yaml	7	water_intake	extracellular_fluid_volume	+	proposal-pending	legacy-evidence-unclassified		False	ingested water is distributed into and expands the extracellular fluid	Boron & Boulpaep; Guyton & Hall — coupling to volume core
legacy-evidence-b2bf6ea39e9b2e662964	benchmarks/human/systems/calcium_pth.yaml	4	calcitriol	pth	-	proposal-pending	legacy-evidence-unclassified		False	calcitriol directly suppresses PTH gene transcription/secretion (VDR feedback)	Peterson & Riggs 2010; standard endocrinology (vitamin D - PTH feedback)
legacy-evidence-9af1986486997e632f15	benchmarks/human/systems/calcium_pth.yaml	5	pth	plasma_phosphate	-	proposal-pending	legacy-evidence-unclassified		False	PTH induces phosphaturia (downregulates proximal-tubule NaPi cotransporters)	Peterson & Riggs 2010 (renal phosphate handling); HumMod; textbook | textbook corroboration: OpenStax Anatomy & Physiology 2e §anp-152 (25.9: Endocrine Regulation of Kidney Function): 'It [PTH] also blocks reabsorption of phosphate (PO3–), 
legacy-evidence-44f2559aa3045eceaed3	benchmarks/human/systems/calcium_pth.yaml	6	calcitriol	plasma_phosphate	+	proposal-pending	legacy-evidence-unclassified		False	calcitriol increases intestinal phosphate absorption	Peterson & Riggs 2010 (gut phosphate); standard endocrinology
legacy-evidence-532fa4523b676767f2e0	benchmarks/human/systems/calcium_pth.yaml	7	plasma_phosphate	pth	+	proposal-pending	legacy-evidence-unclassified		False	hyperphosphatemia raises PTH (lowers ionised Ca2+ and directly stimulates parathyroid)	Peterson & Riggs 2010; clinical CKD-MBD; standard endocrinology
legacy-evidence-6ab08c7cd4c605c21474	benchmarks/human/systems/calcium_pth.yaml	8	plasma_phosphate	calcitriol	-	proposal-pending	legacy-evidence-unclassified		False	phosphate (via FGF23) suppresses renal 1-alpha-hydroxylase, lowering calcitriol	Peterson & Riggs 2010; FGF23-phosphate axis; standard endocrinology
legacy-evidence-aabfeb40f80b558e7f39	benchmarks/human/systems/cardiac_function.yaml	0	venous_return	end_diastolic_volume	+	proposal-pending	legacy-evidence-unclassified		False	venous return / diastolic filling raises ventricular end-diastolic volume (quality: filling flow -> disposition: ventricular compliance -> process: heart process (diastolic filling) GO:0003015 -> quality: end-diastolic volume)	Guyton & Hall Textbook of Medical Physiology, 'The Heart as a Pump' (venous return sets EDV); legacy example-frank-starling.json (venous_return -> end_diastolic_volume) | textbook corroboration: OpenStax Anatomy & Physiology 2e §anp-108 (19
legacy-evidence-3bd7e14debbddd4af36d	benchmarks/human/systems/cardiac_function.yaml	1	end_diastolic_volume	stroke_volume	+	proposal-pending	legacy-evidence-unclassified		False	Frank-Starling law — greater diastolic fibre stretch (sarcomere length) increases myofilament overlap and calcium sensitivity, raising contractile force and ejected volume (quality: EDV/fibre length -> disposition: length-dependent activati	Guyton & Hall, Frank-Starling law of the heart (ventricular function curve); Boron & Boulpaep 'The Heart as a Pump' (preload -> SV); legacy example-frank-starling.json | textbook corroboration: OpenStax Anatomy & Physiology 2e §anp-108 (19.
legacy-evidence-7ee42351548057009965	benchmarks/human/systems/cardiac_function.yaml	2	myocardial_contractility	stroke_volume	+	proposal-pending	legacy-evidence-unclassified		False	increased inotropic state raises systolic elastance / force at given preload and afterload, ejecting more volume (quality: contractility -> disposition: crossbridge cycling capacity -> process: regulation of cardiac muscle contraction GO:00	Boron & Boulpaep, Medical Physiology (contractility as a determinant of SV; Suga end-systolic elastance); Guyton & Hall (sympathetic inotropy shifts the function curve up)
legacy-evidence-a5c0a7ff94319e8b4e35	benchmarks/human/systems/cardiac_function.yaml	3	afterload	stroke_volume	-	proposal-pending	legacy-evidence-unclassified		False	higher ejection load (systolic wall stress / aortic pressure) opposes shortening, raising end-systolic volume and reducing ejected volume at fixed preload and contractility (quality: afterload -> disposition: load-dependent shortening -> pr	Guyton & Hall (raised aortic/arterial pressure reduces stroke volume at constant filling); Boron & Boulpaep (afterload inversely related to SV); legacy example-frank-starling.json (afterload reduces stroke_volume)
legacy-evidence-5461956319a024a5f0aa	benchmarks/human/systems/cardiac_function.yaml	4	mean_arterial_pressure	afterload	+	proposal-pending	legacy-evidence-unclassified		False	arterial pressure during ejection sets the load the ventricle ejects against; by Laplace systolic wall stress rises with chamber pressure (quality: arterial pressure -> disposition: ventricular wall mechanics -> quality: afterload)	Guyton & Hall (aortic/arterial pressure is the principal afterload); Boron & Boulpaep (afterload ~ systolic wall stress, rises with arterial pressure)
legacy-evidence-2bf498977f5ae4e2758d	benchmarks/human/systems/cardiac_function.yaml	5	total_peripheral_resistance	afterload	+	proposal-pending	legacy-evidence-unclassified		False	higher systemic vascular resistance raises the pressure the ventricle must develop to eject, increasing afterload (quality: peripheral resistance -> disposition: impedance to ejection -> quality: afterload)	Guyton & Hall (peripheral resistance contributes to the impedance load on the ventricle); Boron & Boulpaep (afterload reflects aortic input impedance / TPR)
legacy-evidence-d26eaf4b0892b81a70b8	benchmarks/human/systems/cardiac_function.yaml	7	stroke_volume	end_diastolic_volume	-	proposal-pending	legacy-evidence-unclassified		False	at a given filling rate, greater ejection lowers the residual (end-systolic) volume carried into the next diastole, reducing end-diastolic volume — the volume-draining arm that, with venous filling, closes the ventricular volume balance	Boron & Boulpaep (EDV = ESV + venous filling; greater emptying lowers carried-over volume); Guyton & Hall (ventricular volume balance over the cardiac cycle)
legacy-evidence-21b04d667021f020ad9a	benchmarks/human/systems/cardiac_function.yaml	8	myocardial_contractility	ejection_fraction	+	proposal-pending	legacy-evidence-unclassified		False	EF is a load-dependent index of contractility; raising inotropy increases the fraction of EDV ejected (quality: contractility -> process: regulation of cardiac muscle contraction GO:0055117 -> quality: ejection fraction)	Boron & Boulpaep (EF rises with contractility); Guyton & Hall (inotropic state and ejection fraction)
legacy-evidence-d02066f3438c62e1204c	benchmarks/human/systems/cardiac_function.yaml	9	afterload	ejection_fraction	-	proposal-pending	legacy-evidence-unclassified		False	increased ejection load reduces the fraction of end-diastolic volume ejected (quality: afterload -> disposition: load-dependent shortening -> quality: ejection fraction)	Boron & Boulpaep (afterload lowers EF); Guyton & Hall (raised arterial pressure reduces ejection fraction)
legacy-evidence-d0738e9a44406c5e4f88	benchmarks/human/systems/cardiac_function.yaml	10	end_diastolic_volume	ejection_fraction	?	proposal-pending	legacy-evidence-unclassified		False	EF = SV / EDV: by Frank-Starling a larger EDV raises the numerator SV (+), but EDV is also the denominator (-); the net sign of EF w.r.t. EDV is genuinely ambiguous and context-dependent (depends on the slope of the function curve vs. the v	Boron & Boulpaep (EF = SV/EDV; in dilated ventricles SV may rise while EF falls — net direction not determinate); Guyton & Hall (ventricular function curve)
legacy-evidence-3ec4abb49114213bc7e4	benchmarks/human/systems/coagulation_hemostasis.yaml	0	vessel_injury	tissue_factor	+	proposal-pending	legacy-evidence-unclassified		False	vascular wall injury exposes subendothelial tissue factor (FIII) to plasma, increasing active TF available to bind FVIIa	Boron & Boulpaep, Medical Physiology (hemostasis: TF exposure on injury); Wajima 2009 (TF-initiated extrinsic pathway), BioModels BIOMD0000000339
legacy-evidence-595ab100afc6370473e2	benchmarks/human/systems/coagulation_hemostasis.yaml	11	fibrin_clot	blood_viscosity	+	proposal-pending	legacy-evidence-unclassified		False	a fibrin/platelet clot burden raises local effective whole-blood viscosity and impedes flow within the affected vessel segment	Boron & Boulpaep / Guyton & Hall (clot impeding flow); rheology of fibrin networks (clot raises apparent viscosity)
legacy-evidence-b682df2e897511a642a9	benchmarks/human/systems/energy_balance_appetite.yaml	0	adipose_tissue_mass	leptin	+	proposal-pending	legacy-evidence-unclassified		False	adipocyte mass increases leptin (LEP) gene expression and secretion; circulating leptin is proportional to total fat mass (the afferent adiposity signal of the lipostat)	Friedman & Halaas, Nature 1998 (leptin proportional to fat mass); Williams Textbook of Endocrinology | textbook corroboration: OpenStax Anatomy & Physiology 2e §anp-098 (17.11: Organs with Secondary Endocrine Functions): 'leptin, a protein 
legacy-evidence-3fb844dbeac53dbc0534	benchmarks/human/systems/energy_balance_appetite.yaml	1	leptin	hypothalamic_appetite_drive	-	proposal-pending	legacy-evidence-unclassified		False	leptin acts on arcuate-nucleus neurons (inhibits orexigenic NPY/AgRP, activates anorexigenic POMC), lowering net orexigenic appetite drive	Boron & Boulpaep, Medical Physiology (arcuate appetite control); Friedman & Halaas, Nature 1998 | textbook corroboration: OpenStax Anatomy & Physiology 2e §anp-098 (17.11: Organs with Secondary Endocrine Functions): 'Binding of leptin produ
legacy-evidence-4bdc619eedc1d789c0bf	benchmarks/human/systems/energy_balance_appetite.yaml	3	ghrelin	hypothalamic_appetite_drive	+	proposal-pending	legacy-evidence-unclassified		False	ghrelin activates arcuate NPY/AgRP neurons via GHS-R1a, increasing orexigenic appetite drive	Boron & Boulpaep, Medical Physiology (ghrelin orexigenic action on hypothalamus) | textbook corroboration: OpenStax Anatomy & Physiology 2e §anp-134 (23.5: The Stomach): hormone table — ghrelin 'Regulates food intake, primarily by stimulati
legacy-evidence-2bed4fcf3dfb7087b37f	benchmarks/human/systems/energy_balance_appetite.yaml	4	hypothalamic_appetite_drive	food_intake	+	proposal-pending	legacy-evidence-unclassified		False	net hypothalamic orexigenic drive increases motivated feeding behaviour and energy intake	Boron & Boulpaep, Medical Physiology (hypothalamic regulation of feeding)
legacy-evidence-109d8db0d90bd5a5655c	benchmarks/human/systems/energy_balance_appetite.yaml	8	adipose_tissue_mass	ghrelin	-	proposal-pending	legacy-evidence-unclassified		False	circulating (fasting) ghrelin is inversely related to adiposity: rising fat mass suppresses ghrelin, adding a third adiposity-signal limb to the lipostat (higher fat mass -> lower ghrelin -> lower orexigenic drive)	Tschoep M, Weyer C, Tataranni PA, Devanarayan V, Ravussin E, Heiman ML. Circulating ghrelin levels are decreased in human obesity. Diabetes 2001;50(4):707-709, PMID 11289032 (ghrelin negatively correlated with percent body fat) [citations P
legacy-evidence-c9ffe1e6ae08b200a521	benchmarks/human/systems/energy_balance_appetite.yaml	9	leptin	metabolic_rate	+	proposal-pending	legacy-evidence-unclassified		False	leptin signalling supports sympathetic thermogenic tone and resting energy expenditure; falling leptin during weight loss lowers metabolic rate (adaptive thermogenesis)	Friedman & Halaas, Nature 1998; Williams Textbook of Endocrinology (leptin and energy expenditure)
legacy-evidence-0cd774595fac00bdf5a2	benchmarks/human/systems/energy_balance_appetite.yaml	10	plasma_insulin	hypothalamic_appetite_drive	-	proposal-pending	legacy-evidence-unclassified		False	insulin is a CNS adiposity signal acting on arcuate neurons (like leptin) to suppress orexigenic appetite drive	Boron & Boulpaep, Medical Physiology (insulin as central adiposity/anorexigenic signal)
legacy-evidence-c7115c7ec33bcee33974	benchmarks/human/systems/energy_balance_appetite.yaml	11	adipose_tissue_mass	plasma_insulin	+	proposal-pending	legacy-evidence-unclassified		False	increased adiposity raises basal insulin (adiposity-associated insulin resistance / compensatory hyperinsulinaemia)	Williams Textbook of Endocrinology (adiposity and fasting insulin); Boron & Boulpaep
legacy-evidence-38896a4cb21075fbb8cc	benchmarks/human/systems/energy_balance_appetite.yaml	13	plasma_glucose	hypothalamic_appetite_drive	-	proposal-pending	legacy-evidence-unclassified		False	glucose-sensing hypothalamic neurons reduce orexigenic drive when substrate (glucose) availability is high (glucostatic component of satiety)	Boron & Boulpaep, Medical Physiology (glucostatic regulation of feeding)
legacy-evidence-2a591f325767ae997dfc	benchmarks/human/systems/gi_incretin.yaml	0	gastric_emptying_rate	glp1	+	proposal-pending	legacy-evidence-unclassified		False	faster gastric emptying delivers more nutrient to intestinal L cells, raising GLP-1 secretion	Nauck & Meier 2021 Diabetes Obes Metab (oral nutrient -> L-cell GLP-1); Deane 2010 JCEM (emptying drives postprandial incretin/glycaemia)
legacy-evidence-1d4d3ba4479fa3c4ba20	benchmarks/human/systems/gi_incretin.yaml	1	gastric_emptying_rate	gip	+	proposal-pending	legacy-evidence-unclassified		False	faster gastric emptying delivers more nutrient to proximal small-intestinal K cells, raising GIP secretion	Nauck & Meier 2021 Diabetes Obes Metab (oral nutrient -> K-cell GIP); E-DES BioModels MODEL2403070001 (gut nutrient appearance)
legacy-evidence-9585ea8540407317b177	benchmarks/human/systems/gi_incretin.yaml	3	gip	plasma_insulin	+	proposal-pending	legacy-evidence-unclassified		False	GIP binds beta-cell GIPR, potentiating glucose-dependent insulin secretion	Nauck & Meier 2021 Diabetes Obes Metab (GIP insulinotropic action) | textbook corroboration: OpenStax Anatomy & Physiology 2e §anp-097 (17.10: The Endocrine Pancreas): GIP (glucose-dependent insulinotropic peptide) is the initial trigger fo
legacy-evidence-dc66fad49d3a7644bbb7	benchmarks/human/systems/gi_incretin.yaml	7	gastrin	gastric_acid_secretion	+	proposal-pending	legacy-evidence-unclassified		False	gastrin stimulates parietal-cell H+/K+-ATPase acid secretion (directly + via ECL-cell histamine)	Boron & Boulpaep Medical Physiology, GI chapter (gastrin -> parietal acid secretion) | textbook corroboration: OpenStax Anatomy & Physiology 2e §anp-098 (17.11: Organs with Secondary Endocrine Functions): 'gastrin, a peptide hormone secrete
legacy-evidence-8e1f0105db53bae077a5	benchmarks/human/systems/gi_incretin.yaml	8	gastric_acid_secretion	gastrin	-	proposal-pending	legacy-evidence-unclassified		False	antral luminal acidification (low pH) releases somatostatin from antral D cells, which paracrine-inhibits G-cell gastrin secretion — the antral-pH negative feedback that makes the gastric-acid arm a regulated loop (gastrin -> acid -| gastri	Schubert 2020, Comprehensive Physiology 10(1):197-228, doi:10.1002/cphy.c180035 (low antral pH -> D-cell somatostatin -| gastrin); StatPearls 'Physiology, Gastrin' NBK534822 (pH<3 negative feedback on gastrin) | textbook corroboration: Open
legacy-evidence-535a5eff8c3e871c0c33	benchmarks/human/systems/glucose_insulin.yaml	7	cortisol	hepatic_glucose_production	+	proposal-pending	legacy-evidence-unclassified		False	glucocorticoid induction of gluconeogenic enzymes (PEPCK/G6Pase)	HumMod; cortisol gluconeogenesis; standard endocrinology | textbook corroboration: OpenStax Anatomy & Physiology 2e §anp-090 (17.3: Hormones): table entry 'Cortisol, corticosterone, cortisone: Increase blood glucose levels'
legacy-evidence-8a5885c4b6fd5729241e	benchmarks/human/systems/glucose_insulin.yaml	9	sympathetic_tone	plasma_glucagon	+	proposal-pending	legacy-evidence-unclassified		False	adrenergic/sympathetic stimulation of alpha-cell glucagon secretion	Catecholamine stimulation of glucagon; HumMod; standard endocrinology
legacy-evidence-b37eb15cf2410d41c629	benchmarks/human/systems/glucose_insulin.yaml	10	sympathetic_tone	hepatic_glucose_production	+	proposal-pending	legacy-evidence-unclassified		False	catecholamine-driven hepatic glycogenolysis (beta-adrenergic)	Catecholamine glycogenolysis; HumMod liver
legacy-evidence-1febf611c81df8f8803e	benchmarks/human/systems/glucose_insulin.yaml	11	sympathetic_tone	plasma_insulin	-	proposal-pending	legacy-evidence-unclassified		False	alpha-2 adrenergic inhibition of beta-cell insulin secretion	Adrenergic suppression of insulin secretion; standard endocrinology
legacy-evidence-9b05e533f49736797a3c	benchmarks/human/systems/growth_hormone_igf1.yaml	5	ghrh	somatostatin	?	proposal-pending	legacy-evidence-unclassified		False	Forward arm of the reciprocal GHRH/SRIF hypothalamic coupling. Anatomical evidence is genuinely mixed: GHRH terminals have been reported to contact periventricular somatostatin neurons (rat), but in the human hypothalamus GHRH fibres common	Horvath et al. 1992 (intrahypothalamic GHRH/SRIF interactions, PMID 1358561) report GHRH terminals contacting periventricular SRIF neurons, but Kovacs et al. 2015 (Neuroscience, GHRH/SST juxtapositions in human hypothalamus, doi:10.1016/j.n
legacy-evidence-25511b82d0268c4804b9	benchmarks/human/systems/growth_hormone_igf1.yaml	11	hepatic_igf1	ghrh	-	proposal-pending	legacy-evidence-unclassified		False	IGF-1 inhibits hypothalamic GHRH neurons / lowers GHRH (Ghrh mRNA) drive (hypothalamic arm of long-loop feedback).	Al-Samerria & Radovick 2021, Cells 10(10):2664 — review of IGF-1 neuroendocrine control of growth: IGF-1 negative feedback alters hypothalamic Ghrh/Sst mRNA (inhibits GHRH, stimulates SRIF); functional support Obal et al. 1999, Brain Res (P
legacy-evidence-ec4469e3ad66b00b1808	benchmarks/human/systems/hpo_amino_acids.yaml	2	argininosuccinate_synthetase_activity	plasma_argininosuccinate	+	proposal-pending	legacy-evidence-unclassified		False	ASS1 produces argininosuccinate; reduced activity lowers its formation	Lehninger, urea cycle step 3 (ASS1 forms argininosuccinate)
legacy-evidence-05f8cae7b58b3a024e36	benchmarks/human/systems/hpo_amino_acids.yaml	4	arginase_activity	plasma_ornithine	+	proposal-pending	legacy-evidence-unclassified		False	arginase produces ornithine from arginine; reduced activity lowers ornithine production	Lehninger, urea cycle (arginase yields ornithine + urea)
legacy-evidence-566cafed26f174775fc2	benchmarks/human/systems/hpo_amino_acids.yaml	17	gamma_glutamylcysteine_synthetase_activity	plasma_glutathione	+	proposal-pending	legacy-evidence-unclassified		False	gamma-glutamylcysteine synthetase (GCLC) catalyzes the first, rate-limiting step of glutathione synthesis; reduced activity lowers glutathione	OMMBID gamma-glutamylcysteine synthetase deficiency — low erythrocyte glutathione
legacy-evidence-e6d7ca8506c950e7eea5	benchmarks/human/systems/hpo_amino_acids.yaml	22	phosphoserine_phosphatase_activity	plasma_phosphoserine	-	proposal-pending	legacy-evidence-unclassified		False	PSPH consumes O-phosphoserine; reduced activity causes phosphoserine to accumulate	Lehninger, serine biosynthesis (PSPH dephosphorylates phosphoserine)
legacy-evidence-e2e8e9afb01372c2b13d	benchmarks/human/systems/hpo_amino_acids.yaml	25	glycine_cleavage_enzyme_activity	urinary_glycine	-	proposal-pending	legacy-evidence-unclassified		False	elevated plasma glycine raises the filtered load and urinary glycine excretion	OMMBID nonketotic hyperglycinemia — glycinuria secondary to hyperglycinemia
legacy-evidence-4495f1478e8b14360980	benchmarks/human/systems/hpo_amino_acids.yaml	28	urocanase_activity	plasma_urocanic_acid	-	proposal-pending	legacy-evidence-unclassified		False	urocanase (UROC1) hydrolyzes urocanate further down histidine catabolism; reduced activity would raise urocanate. The cited disorder (urocanase deficiency) gives elevated urocanate, hence reduced circulating urocanate maps to reduced UPSTRE	OMMBID urocanase deficiency (urocanic aciduria) — elevated urocanate when UROC1 is deficient
legacy-evidence-ae2d7a458b14f6b56208	benchmarks/human/systems/hpo_csf_markers.yaml	0	csf_sepiapterin	csf_dihydrobiopterin	+	proposal-pending	legacy-evidence-unclassified		False	sepiapterin is reduced by sepiapterin reductase / aldo-keto reductases to 7,8-dihydrobiopterin (BH2) in the salvage pathway; a larger sepiapterin pool feeds more BH2 (product formation)	Lehninger Principles of Biochemistry (tetrahydrobiopterin biosynthesis & salvage); Blau et al., Physician's Guide to Inherited Metabolic Diseases (sepiapterin-reductase deficiency: raised CSF sepiapterin and BH2, low BH4)
legacy-evidence-37cd89b20a949f085f7a	benchmarks/human/systems/hpo_csf_markers.yaml	1	csf_dihydrobiopterin	csf_tetrahydrobiopterin	+	proposal-pending	legacy-evidence-unclassified		False	7,8-dihydrobiopterin (BH2) is reduced to tetrahydrobiopterin (BH4) by dihydrofolate reductase / dihydropteridine reductase; more substrate (BH2) supports more BH4 regeneration (product formation, salvage limb)	Lehninger Principles of Biochemistry (BH4 regeneration by dihydropteridine reductase, QDPR); Blau et al., Physician's Guide to Inherited Metabolic Diseases (BH4 salvage)
legacy-evidence-2ddf86a9e536c942eff7	benchmarks/human/systems/hpo_csf_markers.yaml	2	csf_tetrahydrobiopterin	csf_dopa	+	proposal-pending	legacy-evidence-unclassified		False	BH4 is the obligatory cofactor of tyrosine hydroxylase, the rate-limiting step converting tyrosine to L-DOPA; reduced BH4 lowers DOPA/dopamine synthesis (BH4-deficiency states show low CSF HVA)	Lehninger Principles of Biochemistry (tyrosine hydroxylase requires BH4); Blau et al., Physician's Guide to Inherited Metabolic Diseases (BH4-synthesis defects: low CSF HVA and 5-HIAA)
legacy-evidence-cf0167ddb5ff9a64d792	benchmarks/human/systems/hpo_csf_markers.yaml	5	csf_dopa	csf_dopamine	+	proposal-pending	legacy-evidence-unclassified		False	L-DOPA is decarboxylated to dopamine by aromatic-L-amino-acid decarboxylase (AADC); more DOPA supports more dopamine (product formation). In AADC deficiency DOPA accumulates while dopamine/HVA fall (separate AADC lesion), so this edge is th	Lehninger Principles of Biochemistry (catecholamine biosynthesis: DOPA -> dopamine by AADC); Blau et al., Physician's Guide to Inherited Metabolic Diseases (catecholamine pathway)
legacy-evidence-debd5cd8a98e981b1ab3	benchmarks/human/systems/hpo_csf_markers.yaml	6	csf_dopamine	csf_homovanillic_acid	+	proposal-pending	legacy-evidence-unclassified		False	homovanillic acid is the principal end-metabolite of dopamine (via MAO + COMT); the size of the dopamine pool that is turned over sets the HVA level	Lehninger Principles of Biochemistry (dopamine catabolism by MAO/COMT to HVA); Blau et al., Physician's Guide to Inherited Metabolic Diseases (CSF HVA as dopamine-turnover marker)
legacy-evidence-39f178570cefb405364c	benchmarks/human/systems/hpo_csf_markers.yaml	7	csf_tryptophan	csf_5hiaa	+	proposal-pending	legacy-evidence-unclassified		False	tryptophan is the precursor of serotonin (via tryptophan hydroxylase + AADC); 5-HIAA is serotonin's terminal catabolite, so greater precursor supply raises serotonergic turnover and CSF 5-HIAA	Lehninger Principles of Biochemistry (serotonin biosynthesis from tryptophan; catabolism to 5-HIAA); Blau et al., Physician's Guide to Inherited Metabolic Diseases
legacy-evidence-32a81c089aef3439209b	benchmarks/human/systems/hpo_csf_markers.yaml	8	csf_guanidinoacetate	csf_creatine	+	proposal-pending	legacy-evidence-unclassified		False	guanidinoacetate is methylated by GAMT to creatine; more guanidinoacetate substrate supports more creatine (product). In GAMT deficiency guanidinoacetate accumulates and creatine falls (separate GAMT lesion); this edge is the substrate-supp	Lehninger Principles of Biochemistry (creatine biosynthesis: AGAT then GAMT); Blau et al., Physician's Guide to Inherited Metabolic Diseases (cerebral creatine-deficiency syndromes: GAMT, AGAT)
legacy-evidence-271e39832c617078d62d	benchmarks/human/systems/hpo_csf_markers.yaml	9	csf_creatine	csf_creatinine	+	proposal-pending	legacy-evidence-unclassified		False	creatinine is formed non-enzymatically from the creatine/phosphocreatine pool at a rate proportional to that pool; a larger creatine pool yields more creatinine	Lehninger Principles of Biochemistry (creatine -> creatinine non-enzymatic conversion); Boron & Boulpaep Medical Physiology (creatinine as the creatine-pool turnover product)
legacy-evidence-af364b458879ebf1c486	benchmarks/human/systems/hpo_lipids_lipoproteins.yaml	3	plasma_apolipoprotein_c3	lipoprotein_lipase_activity	-	proposal-pending	legacy-evidence-unclassified		False	Apolipoprotein C-III inhibits lipoprotein lipase and hepatic remnant uptake; apoC-III excess raises triglyceride-rich lipoproteins.	Harrison's, Disorders of Lipoprotein Metabolism (apoC-III as LPL inhibitor / ANGPTL pathway)
legacy-evidence-15083b9bb9bf6e55016a	benchmarks/human/systems/hpo_liver_function_enzymes.yaml	0	plasma_ast	plasma_transaminases	+	proposal-pending	legacy-evidence-unclassified		False	"total serum ""transaminases"" (the generic hepatic-transaminase marker, HP:0002910) is the aggregate of AST and ALT; a rise in plasma AST raises the measured total transaminase level"	Harrison's Principles of Internal Medicine, 'Evaluation of Liver Function' (aminotransferases AST and ALT as the hepatic transaminases); standard clinical chemistry (Tietz) — total transaminase activity is the sum of AST + ALT
legacy-evidence-9dc06b00980ef2c5fce1	benchmarks/human/systems/hpo_liver_function_enzymes.yaml	1	plasma_alt	plasma_transaminases	+	proposal-pending	legacy-evidence-unclassified		False	a rise in plasma ALT raises the measured total transaminase level (AST + ALT aggregate)	Harrison's Principles of Internal Medicine, 'Evaluation of Liver Function' (ALT as a hepatic transaminase); standard clinical chemistry (Tietz)
legacy-evidence-c1dbad151d538d509ff8	benchmarks/human/systems/hpo_other_endocrine_hormones.yaml	2	type_2_deiodinase_activity	plasma_t4	-	proposal-pending	legacy-evidence-unclassified		False	type-II 5'-deiodinase (DIO2) removes an outer-ring iodine from T4 to generate T3, consuming T4 substrate; higher DIO2 activity lowers the local/contributory T4 pool	Boron & Boulpaep Medical Physiology (peripheral deiodination: D2 5'-deiodinase activates T4->T3, consuming T4 substrate)
legacy-evidence-372684656a781a990c31	benchmarks/human/systems/hpo_other_metabolites.yaml	12	heme_oxygenase_activity	plasma_biliverdin	+	proposal-pending	legacy-evidence-unclassified		False	Heme oxygenase opens the heme ring to biliverdin (the product); reduced activity lowers biliverdin production.	Lehninger, heme catabolism (heme oxygenase -> biliverdin -> bilirubin).
legacy-evidence-bd0863e097026117a82e	benchmarks/human/systems/hpo_pulmonary_bloodgas.yaml	1	pulmonary_capillary_wedge_pressure	pulmonary_artery_pressure	+	proposal-pending	legacy-evidence-unclassified		False	mean PAP = PVR x CO + PCWP: the wedge (left-atrial) pressure is an additive downstream term; elevated PCWP (post-capillary/left-heart disease) raises pulmonary artery pressure for given PVR and flow.	Harrison's Principles of Internal Medicine, 21st ed., 'Pulmonary Hypertension' (post-capillary PH); Boron & Boulpaep, Medical Physiology 3rd ed.
legacy-evidence-685c1ae848f60966cc56	benchmarks/human/systems/hpo_pulmonary_bloodgas.yaml	2	left_atrial_pressure	pulmonary_capillary_wedge_pressure	+	proposal-pending	legacy-evidence-unclassified		False	With a static column from the wedged catheter through the pulmonary capillaries to the left atrium, PCWP equilibrates with and tracks left atrial pressure.	Boron & Boulpaep, Medical Physiology 3rd ed., 'The Heart as a Pump' (Swan-Ganz wedge pressure).
legacy-evidence-3aada237129f2bba08ae	benchmarks/human/systems/hpo_pulmonary_bloodgas.yaml	3	pulmonary_artery_pressure	right_ventricular_systolic_pressure	+	proposal-pending	legacy-evidence-unclassified		False	In the absence of pulmonary valve stenosis the right ventricle and pulmonary artery are continuous in systole, so RV systolic pressure equals systolic pulmonary artery pressure; elevated PAP raises RVSP (basis of the echocardiographic TR-je	Harrison's Principles of Internal Medicine, 21st ed., 'Pulmonary Hypertension' (echo estimation of PASP).
legacy-evidence-a58499836bc4bd53a56b	benchmarks/human/systems/hpo_pulmonary_bloodgas.yaml	4	pulmonary_artery_pressure	right_atrial_pressure	+	proposal-pending	legacy-evidence-unclassified		False	Sustained elevation of pulmonary artery pressure raises right ventricular afterload; the failing/congested right ventricle transmits elevated filling pressure backward, raising right atrial (central venous) pressure.	Harrison's Principles of Internal Medicine, 21st ed., 'Pulmonary Hypertension' / 'Cor Pulmonale'; Boron & Boulpaep, Medical Physiology 3rd ed.
legacy-evidence-9c3e8eb4afe6be466d49	benchmarks/human/systems/hpo_pulmonary_bloodgas.yaml	5	stroke_volume	pulse_pressure	+	proposal-pending	legacy-evidence-unclassified		False	Pulse pressure = systolic - diastolic arterial pressure; for a given arterial compliance, a larger ejected stroke volume per beat raises systolic pressure more than diastolic, widening pulse pressure.	Boron & Boulpaep, Medical Physiology 3rd ed., 'Arterial pressure' (pulse pressure ~ SV / arterial compliance). | textbook corroboration: OpenStax Anatomy & Physiology 2e §anp-112 (20.3: Blood Flow, Blood Pressure, and Resistance): 'a low or
legacy-evidence-e271cb604abb892099c7	benchmarks/human/systems/hpo_pulmonary_bloodgas.yaml	6	cardiac_output	cardiac_index	+	proposal-pending	legacy-evidence-unclassified		False	Cardiac index is cardiac output normalized to body surface area (CI = CO / BSA); at fixed body surface area cardiac index rises with cardiac output.	Boron & Boulpaep, Medical Physiology 3rd ed., 'The Heart as a Pump' (cardiac index definition).
legacy-evidence-f56c8641b9c6b537f019	benchmarks/human/systems/hpo_purine_pyrimidine.yaml	3	dihydropyrimidine_dehydrogenase_activity	plasma_dihydrothymine	+	proposal-pending	legacy-evidence-unclassified		False	5,6-dihydrothymine is the DPYD product from thymine.	Lehninger, Nucleotide metabolism
legacy-evidence-67757d31bda1d5d5440e	benchmarks/human/systems/hpo_purine_pyrimidine.yaml	6	dihydropyrimidinase_activity	plasma_n_carbamyl_beta_alanine	+	proposal-pending	legacy-evidence-unclassified		False	N-carbamoyl-beta-alanine (ureidopropionate) is the DPYS ring-opening product of dihydrouracil.	Lehninger, Nucleotide metabolism
legacy-evidence-f8fb461b6f27d3d734f4	benchmarks/human/systems/hpo_purine_pyrimidine.yaml	7	dihydropyrimidinase_activity	plasma_n_carbamyl_beta_aminoisobutyrate	+	proposal-pending	legacy-evidence-unclassified		False	N-carbamoyl-beta-aminoisobutyrate (ureidoisobutyrate) is the DPYS product of dihydrothymine.	Lehninger, Nucleotide metabolism
legacy-evidence-6e7a01519bbe3edeb7d3	benchmarks/human/systems/hpo_renal_function_markers.yaml	0	plasma_calcium	urinary_calcium	+	proposal-pending	legacy-evidence-unclassified		False	urinary calcium excretion = filtered load (plasma [Ca] x GFR) minus tubular reabsorption; raising plasma calcium raises the filtered load and thus calcium excretion (e.g. hypercalcemia -> hypercalciuria)	Boron & Boulpaep Medical Physiology (renal handling of calcium; filtered load); Rose & Post, Clinical Physiology of Acid-Base and Electrolyte Disorders (hypercalcemia -> hypercalciuria)
legacy-evidence-bdacb5cce0860eb53109	benchmarks/human/systems/hpo_renal_function_markers.yaml	1	plasma_phosphate	urinary_phosphate	+	proposal-pending	legacy-evidence-unclassified		False	filtered phosphate load = plasma [PO4] x GFR; higher plasma phosphate raises filtered load and urinary phosphate excretion	Boron & Boulpaep Medical Physiology (renal phosphate handling); Brenner & Rector's The Kidney (phosphate excretion)
legacy-evidence-81a2dafe094590bdae5a	benchmarks/human/systems/hpo_renal_function_markers.yaml	2	plasma_urate	urinary_urate	+	proposal-pending	legacy-evidence-unclassified		False	filtered urate load = plasma [urate] x GFR; higher plasma urate raises filtered load and (net of reabsorption) urinary urate excretion	Boron & Boulpaep Medical Physiology (renal urate handling); Harrison's (uric acid excretion) | textbook corroboration: OpenStax Biology 2e §bio-41.4 (Nitrogenous Wastes): uric acid is formed from purine breakdown; excess plasma urate is exc
legacy-evidence-677fcd7fb10f22e6d845	benchmarks/human/systems/hpo_renal_function_markers.yaml	3	plasma_sodium_concentration	urinary_sodium	+	proposal-pending	legacy-evidence-unclassified		False	filtered sodium load = plasma [Na] x GFR; higher filtered Na (all else equal) raises distal Na delivery and urinary sodium excretion	Boron & Boulpaep Medical Physiology (renal sodium handling; filtered load)
legacy-evidence-a35bd38df2cc9424e96f	benchmarks/human/systems/hpo_renal_function_markers.yaml	4	plasma_potassium	urinary_potassium	+	proposal-pending	legacy-evidence-unclassified		False	hyperkalemia stimulates aldosterone-independent and aldosterone-dependent distal K secretion; higher plasma potassium raises renal potassium excretion	Boron & Boulpaep Medical Physiology (renal potassium secretion; plasma K as a primary driver of distal K secretion)
legacy-evidence-7814f21949ea6deee8cf	benchmarks/human/systems/hpo_renal_function_markers.yaml	5	plasma_magnesium	urinary_magnesium	+	proposal-pending	legacy-evidence-unclassified		False	filtered magnesium load = plasma [Mg] x GFR; higher plasma magnesium raises filtered load and urinary magnesium excretion (and reduces TAL paracellular reabsorption)	Boron & Boulpaep Medical Physiology (renal magnesium handling); Rose & Post (Mg excretion)
legacy-evidence-3372aa4ec2c1e5fbb36f	benchmarks/human/systems/hpo_renal_function_markers.yaml	6	gfr	plasma_creatinine	-	proposal-pending	legacy-evidence-unclassified		False	creatinine is produced at a near-constant rate and cleared almost entirely by glomerular filtration; at steady state plasma [creatinine] is inversely related to GFR (falling GFR raises plasma creatinine)	Harrison's Principles of Internal Medicine, 'Azotemia and Urinary Abnormalities' (creatinine as an inverse GFR marker); Boron & Boulpaep Medical Physiology (creatinine clearance ~ GFR)
legacy-evidence-9ea1fe62a6aa99feb40e	benchmarks/human/systems/hpo_renal_function_markers.yaml	7	gfr	blood_urea_nitrogen	-	proposal-pending	legacy-evidence-unclassified		False	urea is filtered and partially reabsorbed; at steady state with constant urea production, plasma urea nitrogen rises as GFR falls (azotemia)	Harrison's, 'Azotemia and Urinary Abnormalities' (BUN rises with falling GFR); Boron & Boulpaep Medical Physiology (renal urea handling) | textbook corroboration: OpenStax Biology 2e §bio-41.4 (Nitrogenous Wastes): BUN is used as an indicat
legacy-evidence-91bfee353aad2ad8df65	benchmarks/human/systems/hpo_renal_function_markers.yaml	8	gfr	plasma_cystatin_c	-	proposal-pending	legacy-evidence-unclassified		False	cystatin C is produced at a constant rate by all nucleated cells, freely filtered, and catabolized by the proximal tubule; plasma cystatin C is inversely related to GFR (an endogenous GFR marker)	Harrison's Principles of Internal Medicine (cystatin C as a GFR estimator); Brenner & Rector's The Kidney (cystatin C and GFR)
legacy-evidence-2a9427c2df76eece8984	benchmarks/human/systems/hpo_renal_function_markers.yaml	9	gfr	urinary_creatinine	+	proposal-pending	legacy-evidence-unclassified		False	at steady state urinary creatinine excretion equals near-constant creatinine production; the spot urine creatinine level is filtration-driven and falls when GFR is very low (oliguric AKI), so higher GFR supports higher urine creatinine outp	Boron & Boulpaep Medical Physiology (creatinine filtered and excreted; clearance ~ GFR); Harrison's (urine creatinine in clearance estimation)
legacy-evidence-eea1c471951a76148bc2	benchmarks/human/systems/hpo_renal_function_markers.yaml	10	blood_urea_nitrogen	urine_osmolality	+	proposal-pending	legacy-evidence-unclassified		False	urea recycling into the inner medulla contributes substantially to the medullary osmotic gradient that drives maximal urine concentration; higher delivered urea raises achievable urine osmolality	Boron & Boulpaep Medical Physiology (urea recycling and the countercurrent multiplier; contribution of urea to maximal urine concentration)
legacy-evidence-de4e65c470df3d72b920	benchmarks/human/systems/hpo_vitamins_cofactors.yaml	1	cellular_cobalamin_uptake	plasma_methylcobalamin	+	proposal-pending	legacy-evidence-unclassified		False	intracellular cobalamin (from cellular uptake) is processed to methylcobalamin (the MTR / methionine-synthase coenzyme); reduced cobalamin uptake lowers methylcobalamin	Lehninger Principles of Biochemistry (cobalamin coenzymes: methylcobalamin for methionine synthase); cblC/cblF/cblJ intracellular-cobalamin disorders reduce both coenzyme forms
legacy-evidence-08eb9866c158f3da9e73	benchmarks/human/systems/hpo_vitamins_cofactors.yaml	2	cellular_cobalamin_uptake	plasma_adenosylcobalamin	+	proposal-pending	legacy-evidence-unclassified		False	intracellular cobalamin (from cellular uptake) is processed in mitochondria to adenosylcobalamin (the methylmalonyl-CoA-mutase coenzyme); reduced cobalamin uptake lowers adenosylcobalamin	Lehninger Principles of Biochemistry (cobalamin coenzymes: adenosylcobalamin for methylmalonyl-CoA mutase); intracellular cobalamin-processing disorders (cblA/cblB) reduce adenosylcobalamin
legacy-evidence-88da99e0172ba1da09ba	benchmarks/human/systems/hpo_vitamins_cofactors.yaml	3	plasma_vitamin_b12	plasma_methylcobalamin	+	proposal-pending	legacy-evidence-unclassified		False	methylcobalamin is a coenzyme form derived from the body cobalamin pool; lower total cobalamin lowers the methylcobalamin available	Lehninger Principles of Biochemistry (cobalamin vitamers / coenzyme forms derive from the cobalamin pool); Harrison's, 'Megaloblastic Anemias'
legacy-evidence-4fc3778532584d2e016e	benchmarks/human/systems/hpo_vitamins_cofactors.yaml	4	plasma_vitamin_b12	plasma_adenosylcobalamin	+	proposal-pending	legacy-evidence-unclassified		False	adenosylcobalamin is a coenzyme form derived from the body cobalamin pool; lower total cobalamin lowers the adenosylcobalamin available	Lehninger Principles of Biochemistry (cobalamin vitamers / coenzyme forms derive from the cobalamin pool)
legacy-evidence-7c11b6cc92efd836511b	benchmarks/human/systems/hpo_vitamins_cofactors.yaml	5	plasma_folate	plasma_5_methyltetrahydrofolate	+	proposal-pending	legacy-evidence-unclassified		False	5-methyltetrahydrofolate is the principal circulating form of folate; total blood folate and 5-methyl-THF move together (5-methyl-THF is ~the measured blood folate)	Lehninger Principles of Biochemistry (5-methyl-THF is the dominant plasma folate); Harrison's, 'Folate deficiency'
legacy-evidence-d77a3153a81aca3df988	benchmarks/human/systems/hpo_vitamins_cofactors.yaml	6	plasma_folate	csf_folate	+	proposal-pending	legacy-evidence-unclassified		False	CSF folate is actively transported from blood across the choroid plexus by the folate receptor FOLR1 (cerebral folate transport); lower blood folate lowers CSF folate (and FOLR1 LoF causes isolated CSF folate deficiency)	GeneReviews / OMIM 613068 (cerebral folate transport deficiency, FOLR1); Boron & Boulpaep Medical Physiology (choroid-plexus transport)
legacy-evidence-53591313cb44b6d8243a	benchmarks/human/systems/inflammation_cytokine.yaml	0	tnf_alpha	il1beta	+	proposal-pending	legacy-evidence-unclassified		False	TNF-alpha engages TNFR1 on macrophages/monocytes -> NF-kB activation -> IL-1beta transcription and release	Janeway's Immunobiology (innate immunity, macrophage cytokine cascade) — primary molecular anchor [citations PubMed-verified]
legacy-evidence-39f02f438a034dfc05b0	benchmarks/human/systems/inflammation_cytokine.yaml	1	tnf_alpha	il6	+	proposal-pending	legacy-evidence-unclassified		False	TNF-alpha -> NF-kB -> IL-6 transcription in macrophages and endothelium (early-to-late cytokine relay)	Janeway's Immunobiology (acute-phase cytokine cascade TNF/IL-1 -> IL-6) — primary molecular anchor [citations PubMed-verified]
legacy-evidence-5d6bb78839027ee3b068	benchmarks/human/systems/inflammation_cytokine.yaml	2	il1beta	il6	+	proposal-pending	legacy-evidence-unclassified		False	IL-1beta engages IL-1R -> MyD88/NF-kB -> IL-6 production (TNF and IL-1 synergistically induce IL-6)	Janeway's Immunobiology (TNF + IL-1 -> IL-6); Boron & Boulpaep Medical Physiology (inflammatory mediators)
legacy-evidence-2673ff64883cac114478	benchmarks/human/systems/inflammation_cytokine.yaml	4	tnf_alpha	capillary_permeability	+	proposal-pending	legacy-evidence-unclassified		False	TNF-alpha disrupts endothelial adherens/tight junctions (VE-cadherin) raising microvascular permeability	Janeway's Immunobiology (TNF-alpha increases vascular permeability); Boron & Boulpaep Medical Physiology (inflammation, capillary leak) | textbook corroboration: OpenStax Anatomy & Physiology 2e §anp-118 (21.3: Barrier Defenses and the Inna
legacy-evidence-af98a7fa0ac0975afb13	benchmarks/human/systems/inflammation_cytokine.yaml	5	il1beta	capillary_permeability	+	proposal-pending	legacy-evidence-unclassified		False	IL-1beta acts on endothelium to loosen interendothelial junctions, increasing fluid/protein extravasation	Janeway's Immunobiology (IL-1 endothelial activation, increased permeability) | textbook corroboration: OpenStax Anatomy & Physiology 2e §anp-118 (21.3: Barrier Defenses and the Innate Immune Response): 'injured cells, phagocytes, and basop
legacy-evidence-65f59da903244c993373	benchmarks/human/systems/inflammation_cytokine.yaml	8	tnf_alpha	total_peripheral_resistance	-	proposal-pending	legacy-evidence-unclassified		False	TNF-alpha induces endothelial/smooth-muscle iNOS -> sustained NO -> arteriolar vasodilation lowering systemic resistance (septic shock)	Boron & Boulpaep Medical Physiology (cytokine-induced iNOS -> NO -> septic vasodilation) — primary anchor [citations PubMed-verified]
legacy-evidence-b9de422a9ed8553959b4	benchmarks/human/systems/inflammation_cytokine.yaml	9	il1beta	total_peripheral_resistance	-	proposal-pending	legacy-evidence-unclassified		False	IL-1beta induces iNOS and prostacyclin in vasculature -> vasodilation reducing total peripheral resistance	Boron & Boulpaep Medical Physiology (inflammatory vasodilation via iNOS); Janeway's Immunobiology (systemic cytokine vasodilation in sepsis)
legacy-evidence-454bff1be643900d4d23	benchmarks/human/systems/inflammation_cytokine.yaml	10	il1beta	crh	+	proposal-pending	legacy-evidence-unclassified		False	IL-1beta acts on hypothalamic paraventricular neurons to stimulate CRH release (immune-to-HPA signaling)	Boron & Boulpaep Medical Physiology (cytokine activation of the HPA axis, IL-1 -> CRH); Janeway's Immunobiology
legacy-evidence-b16fdc0dd038c40461ef	benchmarks/human/systems/inflammation_cytokine.yaml	11	il6	crh	+	proposal-pending	legacy-evidence-unclassified		False	circulating IL-6 stimulates hypothalamic CRH secretion, a major driver of the inflammation-evoked HPA response	Boron & Boulpaep Medical Physiology (IL-6 -> HPA activation / CRH); Janeway's Immunobiology (acute-phase HPA activation)
legacy-evidence-607cf637a7eeadf8498a	benchmarks/human/systems/inflammation_cytokine.yaml	12	tnf_alpha	pituitary_acth_secretion	+	proposal-pending	legacy-evidence-unclassified		False	TNF-alpha contributes to pituitary corticotrope ACTH release during systemic inflammation (immune-to-HPA signaling)	Boron & Boulpaep Medical Physiology (pro-inflammatory cytokines activate the HPA axis at hypothalamus and pituitary)
legacy-evidence-1781647acba1d6c67981	benchmarks/human/systems/intermediary_metabolism.yaml	1	g6pase_activity	hepatic_gluconeogenesis	+	proposal-pending	legacy-evidence-unclassified		False	G6Pase removes the gluconeogenic end-product (G6P->glucose); its loss back-pressures the pathway (functional throughput to glucose)	Lehninger 7th ed. ch.15; Boron & Boulpaep 3rd ed. ch.51 (hepatic glucose output requires G6Pase)
legacy-evidence-7f1c7d2fd149807da5a4	benchmarks/human/systems/intermediary_metabolism.yaml	2	g6pase_activity	hepatic_glycogenolysis	+	proposal-pending	legacy-evidence-unclassified		False	hepatic glycogenolysis yields glucose-6-phosphate; net glucose output to plasma requires G6Pase	Lehninger 7th ed. ch.15; Harrison's (GSD-Ia: glycogenolysis cannot raise blood glucose without G6Pase)
legacy-evidence-a1006dac197c0f2304f4	benchmarks/human/systems/iron_hepcidin.yaml	2	plasma_iron	transferrin_saturation	+	proposal-pending	legacy-evidence-unclassified		False	plasma iron circulates bound to transferrin; rising plasma iron at fixed transferrin raises fractional transferrin saturation (TSAT)	TSAT = serum iron / TIBC by definition; Boron & Boulpaep Medical Physiology (iron transport)
legacy-evidence-831f4758062245b4b520	benchmarks/human/systems/lipid_metabolism.yaml	8	plasma_insulin	vldl_secretion	+	proposal-pending	legacy-evidence-unclassified	fed-state hepatic lipogenesis and substrate supply	False	insulin/carbohydrate status drives hepatic de novo lipogenesis and substrate supply -> increased hepatic VLDL-triglyceride assembly and secretion	Boron & Boulpaep Medical Physiology (insulin promotes hepatic lipogenesis / VLDL-TG output); insulin-resistant hypertriglyceridaemia clinical phenotype
legacy-evidence-12e7e606b75099304498	benchmarks/human/systems/lipid_metabolism.yaml	9	plasma_insulin	hepatic_cholesterol_synthesis	+	proposal-pending	legacy-evidence-unclassified		False	insulin activates SREBP-1/2 and induces HMG-CoA reductase -> increased hepatic cholesterol synthesis flux	Brown & Goldstein / SREBP regulation; Boron & Boulpaep Medical Physiology (insulin upregulates lipogenic/cholesterogenic program)
legacy-evidence-ee6d0c5ade8a676406f7	benchmarks/human/systems/potassium_homeostasis.yaml	2	renal_potassium_excretion	plasma_potassium	-	proposal-pending	legacy-evidence-unclassified		False	urinary loss of K+ removes potassium from the extracellular fluid, lowering plasma [K+] (external-balance arm)	Guyton & Hall; Boron & Boulpaep: renal K+ excretion is the dominant route of external K+ balance
legacy-evidence-2710710ff4f16151d603	benchmarks/human/systems/potassium_homeostasis.yaml	4	cellular_potassium_uptake	plasma_potassium	-	proposal-pending	legacy-evidence-unclassified		False	net movement of K+ from extracellular fluid into cells lowers plasma [K+] without changing total body K+ (internal-balance arm)	Boron & Boulpaep; Guyton & Hall: transcellular shift sets the rapid component of plasma [K+] | textbook corroboration: OpenStax Anatomy & Physiology 2e §anp-157 (26.4: Electrolyte Balance): 'potassium passes through the cell membrane along 
legacy-evidence-ac2bf0025c2210a49aab	benchmarks/human/systems/potassium_homeostasis.yaml	5	arterial_ph	cellular_potassium_uptake	+	proposal-pending	legacy-evidence-unclassified		False	alkalosis (high pH) drives H+ out of and K+ into cells via H+/K+ exchange and stimulated Na/K-ATPase; acidosis (low pH) reverses this	Boron & Boulpaep; Guyton & Hall: acid-base status shifts K+ across the cell membrane (acidosis raises, alkalosis lowers plasma K+)
legacy-evidence-63ae741a07fe6486ca73	benchmarks/human/systems/potassium_homeostasis.yaml	6	plasma_potassium	plasma_insulin	+	proposal-pending	legacy-evidence-unclassified		False	hyperkalemia depolarises pancreatic beta cells and directly stimulates insulin secretion (a feedback that promotes K+ disposal into cells)	Boron & Boulpaep; Williams Textbook of Endocrinology: K+ is a physiologic stimulus of insulin release
legacy-evidence-127501498a0012f8138d	benchmarks/human/systems/purine_urate_metabolism.yaml	0	hepatic_urate_production	plasma_urate	+	proposal-pending	legacy-evidence-unclassified		False	the liver is the dominant site of net uric acid production (terminal purine catabolism); higher hepatic urate output raises the circulating urate pool at fixed renal clearance (source term of the urate mass balance)	Boron & Boulpaep Medical Physiology (purine catabolism / uric acid); Lehninger Principles of Biochemistry (purine degradation, xanthine oxidase pathway in liver); Harrison's Principles of Internal Medicine, hyperuricemia/gout chapter (urate
legacy-evidence-1ad202f268ecd016d600	benchmarks/human/systems/purine_urate_metabolism.yaml	1	renal_urate_excretion	plasma_urate	-	proposal-pending	legacy-evidence-unclassified		False	the kidney clears ~two-thirds of the daily urate load; net renal urate excretion (filtration minus URAT1/GLUT9-mediated reabsorption plus secretion) is the dominant sink, so higher excretion lowers steady-state plasma urate	Boron & Boulpaep Medical Physiology (renal urate handling, URAT1/SLC22A12, GLUT9/SLC2A9); Harrison's Nephrology and Acid-Base Disorders (uric acid excretion); renal hypouricemia OMIM 220150
legacy-evidence-ba6b0d4112c61f20c8d2	benchmarks/human/systems/reproductive_hpg.yaml	18	cortisol	pituitary_lh_secretion	-	proposal-pending	legacy-evidence-unclassified		False	glucocorticoid excess blunts pituitary gonadotropin (LH) secretion	Endocrine Society FHA Clinical Practice Guideline, Gordon CM et al., J Clin Endocrinol Metab. 2017;102(5):1413-1439. (glucocorticoid suppression of gonadotropin secretion in functional hypothalamic amenorrhea) [citations PubMed-verified]
legacy-evidence-773b8781046595620fc5	benchmarks/human/systems/respiratory_acidbase.yaml	6	arterial_ph	plasma_bicarbonate	-	proposal-pending	legacy-evidence-unclassified		False	renal compensation — acidosis (low pH) increases tubular H+ secretion / HCO3- regeneration, raising [HCO3-]	Renal acid-base handling (slow); HumMod kidney acid-base; standard physiology | textbook corroboration: OpenStax Anatomy & Physiology 2e §anp-158 (26.5: Acid-Base Balance): 'the renal system controls the blood levels of bicarbonate'; renal 
legacy-evidence-0bbe1c8bc4c7148e057d	benchmarks/human/systems/textbook_extracted.yaml	7	helper_t_cell_activation	b_cell_proliferation	+	proposal-pending	legacy-evidence-unclassified		False	Activated helper T cell binds to and activates a B cell that has also bound to the same antigen, leading to massive B-cell proliferation	Wong, Cells: Molecules and Mechanisms §wong-16.8 (The Immune System - Undeclared): 'The activated helper T-cell binds to and activates a B cell that has also bound to the antigen of interest, leading to massive B-cell proliferation'
legacy-evidence-8a0764d235ef576c0a7d	benchmarks/human/systems/textbook_extracted.yaml	10	uterine_contraction_rate	cervical_distension	+	proposal-pending	legacy-evidence-unclassified		False	stronger uterine contractions push the fetus against and through the cervix, increasing cervical mechanical stretch	OpenStax Anatomy & Physiology 2e §anp-005 (1.6: Homeostasis): 'This causes even greater stretching of the cervix' — parturition positive-feedback loop
legacy-evidence-9945cab0cd45c2233da9	benchmarks/human/systems/textbook_extracted.yaml	19	sympathetic_tone	respiratory_rate	+	proposal-pending	legacy-evidence-unclassified		False	Sympathetic activation increases breathing rate to deliver more oxygen to activated skeletal muscle during fight-or-flight response.	OpenStax Anatomy & Physiology 2e §anp-080 (15.2: Divisions of the Autonomic Nervous System): 'As a response to a threat, the sympathetic system would increase heart rate and breathing rate and cause blood flow to the skeletal muscle to incr
legacy-evidence-7776f84b036714387f7f	benchmarks/human/systems/textbook_extracted.yaml	28	plasma_sodium_concentration	aldosterone	-	proposal-pending	legacy-evidence-unclassified		False	low plasma Na+ is directly sensed by the adrenal zona glomerulosa and stimulates aldosterone secretion to restore sodium balance (independent of the RAAS arm)	OpenStax Anatomy & Physiology 2e §anp-094 (17.7: The Adrenal Glands): 'it [aldosterone] is released in response to elevated blood K+, low blood Na+, low blood pressure, or low blood volume.' | textbook corroboration: OpenStax Biology 2e §bi
legacy-evidence-930ea3a87de51ade7e6b	benchmarks/human/systems/textbook_extracted.yaml	70	lean_body_mass	metabolic_rate	+	proposal-pending	legacy-evidence-unclassified		False	skeletal muscle (lean mass) is the dominant site of resting energy expenditure; loss of muscle mass directly reduces whole-body basal metabolic rate	OpenStax Anatomy & Physiology 2e §anp-139 (24.3: Carbohydrate Metabolism): 'Changes in body composition, including reduced lean muscle mass, are mostly responsible for this decrease [in metabolic rate]'
legacy-evidence-6d1c67bfdacbf275b481	benchmarks/human/systems/textbook_extracted.yaml	75	plasma_osmolality	aldosterone	-	proposal-pending	legacy-evidence-unclassified		False	elevated ECF osmolality (following aldosterone-driven Na reabsorption) inhibits further aldosterone release as negative feedback	OpenStax Anatomy & Physiology 2e §anp-157 (26.4: Electrolyte Balance): 'In a negative feedback loop, increased osmolality of the ECF (which follows aldosterone-stimulated sodium absorption) inhibits the release of the hormone.'
legacy-evidence-66e7e11d1db4af65bf46	benchmarks/human/systems/textbook_extracted.yaml	104	plasma_glucose	adipose_tissue_mass	+	proposal-pending	legacy-evidence-unclassified		False	excess plasma glucose enters glycolysis yielding pyruvate, which is used for de novo fatty acid synthesis; these fatty acids are stored in adipose cells, increasing fat mass	OpenStax Biology 2e §bio-34.2 (34.2: Nutrition and Energy Production): 'The pyruvate produced during glycolysis is used to synthesize fatty acids. When there is more glucose in the body than required, the resulting excess pyruvate is conver
legacy-evidence-7dd3d57462fdd55d0830	benchmarks/human/systems/thermoregulation.yaml	8	skin_blood_flow	total_peripheral_resistance	-	proposal-pending	legacy-evidence-unclassified		False	cutaneous vasodilation adds a low-resistance parallel bed, lowering systemic vascular resistance	Rowell 1974 (cutaneous vasodilation reduces TPR during heat stress)
legacy-evidence-db7f11e2c7db034157ad	benchmarks/human/systems/thermoregulation.yaml	9	core_temperature	sa_node_automaticity	+	proposal-pending	legacy-evidence-unclassified		False	rising core temperature accelerates SA-node pacemaker rate / ion-channel kinetics (fever tachycardia, ~10 bpm/degC); see george_heart_rate.yaml	Guyton & Hall: temperature directly raises heart rate; clinical fever tachycardia | re-routed core_temperature->heart_rate through sa_node_automaticity per G. Gkoutos curated heart-rate mechanism (ECO:0000305)
legacy-evidence-d4eede300716f46170db	benchmarks/human/systems/thyroid.yaml	6	metabolic_rate	metabolic_heat_production	+	proposal-pending	legacy-evidence-unclassified		False	increased oxidative metabolism dissipates energy as heat (obligatory thermogenesis)	thermoregulation: metabolic rate is the source term for metabolic heat production | textbook corroboration: OpenStax Anatomy & Physiology 2e §anp-143 (24.7: Energy and Heat Balance): 10% of daily energy expenditure is for body thermoregulat
legacy-evidence-698b3758be66a8ca90de	benchmarks/human/systems/trace_metals.yaml	2	hepatic_copper_excretion	plasma_copper	?	proposal-pending	legacy-evidence-unclassified		False	hepatobiliary excretion removes copper from the body; in isolation higher excretion lowers the body copper pool, but in Wilson disease loss of excretion paradoxically LOWERS measured (ceruloplasmin-bound) serum copper while raising hepatic/	Harrison's Principles of Internal Medicine (Wilson disease: low total serum copper, raised free copper, hepatic accumulation); Boron & Boulpaep Medical Physiology
legacy-evidence-eb5a19d299d8187922e6	benchmarks/human/systems/trace_metals.yaml	3	plasma_ceruloplasmin	plasma_copper	+	proposal-pending	legacy-evidence-unclassified		False	ceruloplasmin carries roughly 90% of circulating copper; measured (total) serum copper tracks holo-ceruloplasmin, so lower ceruloplasmin lowers the dominant ceruloplasmin-bound serum copper pool	Lehninger Principles of Biochemistry (ceruloplasmin as major Cu carrier, ~90% of serum copper); Boron & Boulpaep Medical Physiology; Harrison's
legacy-evidence-c7565869b2879f416654	benchmarks/human/systems/trace_metals.yaml	6	atp7a_activity	plasma_zinc	?	proposal-pending	legacy-evidence-unclassified		False	copper deficiency derepresses enterocyte metallothionein, which can secondarily alter zinc handling; the direction of the effect on plasma zinc is not well established, so the sign is flagged ambiguous	Harrison's Principles of Internal Medicine (copper–zinc antagonism in intestinal absorption); Boron & Boulpaep Medical Physiology
legacy-evidence-28b9d424d66f4061de15	benchmarks/multiscale/endothelium_smc.yaml	5	endothelial_shear_stress	endothelial_pgi2_production	+	proposal-pending	legacy-evidence-unclassified		False	shear stress upregulates COX/PTGIS-mediated prostacyclin synthesis in endothelium (GO:0001516 prostaglandin biosynthesis)	Boron & Boulpaep Medical Physiology (shear-induced prostacyclin release)
legacy-evidence-d925a16e8ac9d0345380	benchmarks/multiscale/epo_jak_stat.yaml	4	bcl_xl_level	erythroid_progenitor_proliferation	+	proposal-pending	legacy-evidence-unclassified		False	Bcl-xL suppresses mitochondrial apoptosis in CFU-E (quality: Bcl-xL level -> disposition: inhibition of pro-apoptotic Bax/Bak -> process: blockade of apoptosis -> quality: progenitor survival/net proliferation rate)	Adlung et al. (2021) Cell Reports 36:109507; Boron & Boulpaep, Medical Physiology (EPO-dependent survival prevents apoptosis of erythroid progenitors). [citations PubMed-verified]
legacy-evidence-9c0ad39ede6b050e1036	benchmarks/multiscale/erythroblastic_island.yaml	2	erythroblast_proliferation	island_macrophage_activity	+	proposal-pending	legacy-evidence-unclassified		False	juxtacrine feedback: expanding erythroblasts present ICAM4 to macrophage alphaV integrin, assembling/stabilizing the island and sustaining macrophage support (quality: erythroblast number/proliferation -> disposition: ICAM4-alphaV adhesion 	OmniPath ligrec ICAM4->ITGAV is_stimulation=True, PMID 11435317 (15355350); Chasis & Mohandas (2008) Blood 112:470-478, PMID 18650462. Manwani & Bieker (2008) PMID 18282516. [citations PubMed-verified]
legacy-evidence-0fd63e1900d2e7f31f15	benchmarks/multiscale/erythroblastic_island.yaml	3	erythroblast_maturation	island_macrophage_activity	+	proposal-pending	legacy-evidence-unclassified		False	erythroblast enucleation releases pyrenocytes (extruded nuclei) presenting phosphatidylserine, engaging macrophage clearance receptors that reinforce the nurse program (quality: erythroblast maturation/enucleation rate -> disposition: PS ex	Chasis & Mohandas (2008) Blood 112:470-478, PMID 18650462 (central macrophage ingests extruded nuclei); Manwani & Bieker (2008) Curr Top Dev Biol 82:23-53, PMID 18282516. [citations PubMed-verified]
legacy-evidence-9736d1cd51abafe412ff	benchmarks/multiscale/erythroblastic_island.yaml	4	erythroblast_proliferation	erythroblast_maturation	+	proposal-pending	legacy-evidence-unclassified		False	lineage progression: a larger proliferating erythroblast pool feeds the terminal maturation/enucleation program (quality: erythroblast proliferation rate -> disposition: cell-cycle exit competence -> process: GO:0030218 erythrocyte differen	Manwani & Bieker (2008) Curr Top Dev Biol 82:23-53, PMID 18282516; Boron & Boulpaep, Medical Physiology (erythroid precursors proliferate then mature/enucleate). [citations PubMed-verified]
legacy-evidence-075624e23c6d93b63ba6	benchmarks/multiscale/immune_paracrine.yaml	1	th1_cell_activation	macrophage_activation	+	proposal-pending	legacy-evidence-unclassified		False	Th1 IFN-gamma -> IFNGR1/IFNGR2 on macrophage -> JAK1/JAK2 -> STAT1 -> classical (M1) activation (GO:0060333 IFN-gamma-mediated signaling pathway)	OmniPath ligrec IFNG->IFNGR1/IFNGR2 consensus_stimulation=True (refs SIGNOR:10986460; Macrophage:7617032) | textbook corroboration: OpenStax Anatomy & Physiology 2e §anp-119 (21.4: The Adaptive Immune Response - T Lymphocytes and Their Func
legacy-evidence-631e50e7319bd7ace938	benchmarks/multiscale/immune_paracrine.yaml	2	macrophage_activation	th17_cell_activation	+	proposal-pending	legacy-evidence-unclassified		False	macrophage IL-6 -> IL6R/IL6ST(gp130) on CD4 T cell -> STAT3 (with TGF-beta) -> RORgt -> Th17 differentiation/activation (GO:0070102 IL-6-mediated signaling)	OmniPath ligrec IL6->IL6R / IL6R_IL6ST consensus_stimulation=True (refs SIGNOR:8676083; ICELLNET:9143707); Janeway's Immunobiology 9th ed.
legacy-evidence-57c81c0302d274c0d788	benchmarks/multiscale/immune_paracrine.yaml	3	macrophage_activation	dendritic_cell_activation	+	proposal-pending	legacy-evidence-unclassified		False	macrophage TNF-alpha -> TNFRSF1A (TNFR1) on dendritic cell -> NF-kB -> DC maturation and further IL-12 output (GO:0033209 TNF-mediated signaling)	OmniPath ligrec TNF->TNFRSF1A consensus_stimulation=True (refs SIGNOR:17151142; NetPath:10634209) [citations PubMed-verified]
legacy-evidence-72ad06250d0a7e065095	benchmarks/multiscale/immune_paracrine.yaml	4	treg_il10_secretion	macrophage_activation	-	proposal-pending	legacy-evidence-unclassified		False	Treg IL-10 -> IL10RA/IL10RB on macrophage -> STAT3 -> suppression of NF-kB-driven pro-inflammatory cytokine (TNF/IL-6/IL-12) transcription (GO:0032613 IL-10 production / GO:0050728 negative regulation of inflammatory response)	OmniPath ligrec IL10->IL10RA/IL10RB consensus_stimulation=True for receptor binding; functional inhibition of macrophage activation; Janeway's Immunobiology 9th ed. | textbook corroboration: OpenStax Biology 2e §bio-42.2 (42.2: Adaptive Imm
legacy-evidence-442b4f969a9cc41aa8cc	benchmarks/multiscale/islet_paracrine.yaml	0	beta_cell_insulin_secretion	alpha_cell_glucagon_secretion	-	proposal-pending	legacy-evidence-unclassified		False	co-secreted insulin + Zn2+ -> alpha-cell INSR / Zn2+ action -> suppression of glucagon exocytosis (GO:0070091 glucagon secretion, negative regulation)	OmniPath INS->INSR (P01308->P06213, consensus_stimulation); Unger & Cherrington 2012 J Clin Invest PMID:22214853 [citations PubMed-verified]
legacy-evidence-9fc725b6c4cd7aa0d3a3	benchmarks/multiscale/islet_paracrine.yaml	1	beta_cell_insulin_secretion	delta_cell_somatostatin_secretion	+	proposal-pending	legacy-evidence-unclassified		False	beta-cell insulin -> delta-cell INSR -> stimulation of somatostatin release (GO:0070253 somatostatin secretion); CONTESTED direct paracrine link	CONTESTED sign (+). For: OmniPath INS->INSR (P01308->P06213, consensus_stimulation). AGAINST: Hauge-Evans AC, Anderson RL, Persaud SJ, Jones PM 2012, 'Delta cell secretory responses to insulin secretagogues are not mediated indirectly by in
legacy-evidence-fcec57bac1d4c5caf843	benchmarks/multiscale/islet_paracrine.yaml	2	alpha_cell_glucagon_secretion	beta_cell_insulin_secretion	+	proposal-pending	legacy-evidence-unclassified		False	alpha-cell glucagon -> beta-cell GCGR/GLP1R -> Gs/cAMP potentiation of insulin secretion (GO:0030073 insulin secretion, positive regulation)	OmniPath GCG->GCGR (P01275->P47871, consensus_stimulation) [citations PubMed-verified]
legacy-evidence-0f4cd95276109dff8515	benchmarks/multiscale/islet_paracrine.yaml	3	alpha_cell_glucagon_secretion	delta_cell_somatostatin_secretion	+	proposal-pending	legacy-evidence-unclassified		False	alpha-cell glucagon -> delta-cell GCGR -> Gs/cAMP stimulation of somatostatin release (GO:0070253 somatostatin secretion)	OmniPath GCG->GCGR (P01275->P47871, consensus_stimulation); Boron & Boulpaep Medical Physiology, endocrine pancreas
legacy-evidence-02cdb15fc17f52721cf2	benchmarks/multiscale/islet_paracrine.yaml	4	delta_cell_somatostatin_secretion	alpha_cell_glucagon_secretion	-	proposal-pending	legacy-evidence-unclassified		False	delta-cell somatostatin -> alpha-cell SSTR2 (Gi) -> cAMP fall -> inhibition of glucagon exocytosis (GO:0070091 glucagon secretion, negative regulation)	OmniPath SST->SSTR (P61278->P30874/P31391/P35346, consensus_stimulation = receptor engagement; SSTR is Gi-coupled inhibitory) | textbook corroboration: OpenStax Anatomy & Physiology 2e §anp-097 (17.10: The Endocrine Pancreas): pancreatic so
legacy-evidence-e5315a6365ca5f72c0a2	benchmarks/multiscale/islet_paracrine.yaml	5	delta_cell_somatostatin_secretion	beta_cell_insulin_secretion	-	proposal-pending	legacy-evidence-unclassified		False	delta-cell somatostatin -> beta-cell SSTR (Gi) -> cAMP fall / K+ hyperpolarization -> inhibition of insulin secretion (GO:0030073 insulin secretion, negative regulation)	OmniPath SST->SSTR (P61278->P30874/P31391/P35346, consensus_stimulation = receptor engagement; SSTR is Gi-coupled inhibitory) | textbook corroboration: OpenStax Anatomy & Physiology 2e §anp-097 (17.10: The Endocrine Pancreas): pancreatic so
legacy-evidence-42b5b3b991f2789530c2	benchmarks/multiscale/vascular_tone.yaml	0	at1_receptor_activity	intracellular_calcium	+	proposal-pending	legacy-evidence-unclassified		False	Gq/PLC-beta -> IP3 -> SR Ca2+ release + influx	GO:0007200 phospholipase C-activating GPCR signaling; textbook
legacy-evidence-d9cff512a8e2e078767d	benchmarks/multiscale/vascular_tone.yaml	1	intracellular_calcium	mlc_phosphorylation	+	proposal-pending	legacy-evidence-unclassified		False	Ca2+/calmodulin activates myosin light-chain kinase (MLCK)	GO:0004687 MLCK activity; textbook | textbook corroboration: OpenStax Anatomy & Physiology 2e §anp-060 (10.9: Smooth Muscle): 'Ca++-calmodulin complex then activates an enzyme called myosin (light chain) kinase, which, in turn, activates th
